,eta,epsilon,sigma_init,mu,K,testing_mse,CB_size,tradeOff_dist
0,0.1,0.01,0.01,0.001,2,0.13519237377913668,112,0.13806150052798138
1,0.1,0.01,0.01,0.001,5,0.13517675043332703,112,0.1380462018952857
2,0.1,0.01,0.01,0.001,10,0.13521359848520823,112,0.1380822842196605
3,0.1,0.01,0.01,0.001,20,0.1352779278101278,112,0.13814527770648602
4,0.1,0.01,0.01,0.1,2,0.07779455110150557,112,0.08268005915022535
5,0.1,0.01,0.01,0.1,5,0.07749529750017538,112,0.082398550561528
6,0.1,0.01,0.01,0.1,10,0.07234725507524596,112,0.07757657711527818
7,0.1,0.01,0.01,0.1,20,0.056362244913190605,112,0.06293411357645773
8,0.1,0.01,0.01,0.1,2,0.07779455110150557,112,0.08268005915022535
9,0.1,0.01,0.01,0.1,5,0.07749529750017538,112,0.082398550561528
10,0.1,0.01,0.01,0.1,10,0.07234725507524596,112,0.07757657711527818
11,0.1,0.01,0.01,0.1,20,0.056362244913190605,112,0.06293411357645773
12,0.1,0.01,0.01,1.0,2,0.04847315230955174,112,0.055978982616916154
13,0.1,0.01,0.01,1.0,5,0.05260359894403136,112,0.05959143077544369
14,0.1,0.01,0.01,1.0,10,0.07609242776134557,112,0.08108056217500959
15,0.1,0.01,0.01,1.0,20,0.047936839503514454,112,0.05551522837551606
16,0.1,0.01,0.1,0.001,2,0.09465776634685173,112,0.09871217113292148
17,0.1,0.01,0.1,0.001,5,0.09465783770756157,112,0.09871223956263511
18,0.1,0.01,0.1,0.001,10,0.09465805396543217,112,0.09871244693817832
19,0.1,0.01,0.1,0.001,20,0.094658813592433,112,0.09871317536543427
20,0.1,0.01,0.1,0.1,2,0.09405144300934216,112,0.09813090202448736
21,0.1,0.01,0.1,0.1,5,0.09405816551404368,112,0.09813734508263017
22,0.1,0.01,0.1,0.1,10,0.09407849618108984,112,0.09815683085600989
23,0.1,0.01,0.1,0.1,20,0.09415035867935675,112,0.09822570966631662
24,0.1,0.01,0.1,0.1,2,0.09405144300934216,112,0.09813090202448736
25,0.1,0.01,0.1,0.1,5,0.09405816551404368,112,0.09813734508263017
26,0.1,0.01,0.1,0.1,10,0.09407849618108984,112,0.09815683085600989
27,0.1,0.01,0.1,0.1,20,0.09415035867935675,112,0.09822570966631662
28,0.1,0.01,0.1,1.0,2,0.08974714087524205,112,0.09401355910335776
29,0.1,0.01,0.1,1.0,5,0.08979160834448571,112,0.09405600953203105
30,0.1,0.01,0.1,1.0,10,0.08992405112494176,112,0.09418245574798494
31,0.1,0.01,0.1,1.0,20,0.09040890674973931,112,0.09464549867628708
32,0.1,0.01,2.0,0.001,2,0.04720953884576313,112,0.054888437380104176
33,0.1,0.01,2.0,0.001,5,0.0472095388457454,112,0.05488843738008893
34,0.1,0.01,2.0,0.001,10,0.047209538845716374,112,0.054888437380063965
35,0.1,0.01,2.0,0.001,20,0.04720953884563291,112,0.05488843737999218
36,0.1,0.01,2.0,0.1,2,0.047209538919652794,112,0.05488843744365667
37,0.1,0.01,2.0,0.1,5,0.047209538917878865,112,0.05488843744213091
38,0.1,0.01,2.0,0.1,10,0.04720953891497732,112,0.0548884374396353
39,0.1,0.01,2.0,0.1,20,0.047209538906631675,112,0.054888437432457214
40,0.1,0.01,2.0,0.1,2,0.047209538919652794,112,0.05488843744365667
41,0.1,0.01,2.0,0.1,5,0.047209538917878865,112,0.05488843744213091
42,0.1,0.01,2.0,0.1,10,0.04720953891497732,112,0.0548884374396353
43,0.1,0.01,2.0,0.1,20,0.047209538906631675,112,0.054888437432457214
44,0.1,0.01,2.0,1.0,2,0.047209539591376734,112,0.05488843802140636
45,0.1,0.01,2.0,1.0,5,0.047209539573637535,112,0.05488843800614888
46,0.1,0.01,2.0,1.0,10,0.04720953954462201,112,0.054888437981192625
47,0.1,0.01,2.0,1.0,20,0.04720953946116569,112,0.05488843790941186
48,0.1,0.01,4.0,0.001,2,0.049401191495750306,112,0.056784484863383174
49,0.1,0.01,4.0,0.001,5,0.04940119149575002,112,0.056784484863382924
50,0.1,0.01,4.0,0.001,10,0.049401191495749494,112,0.056784484863382466
51,0.1,0.01,4.0,0.001,20,0.04940119149574801,112,0.05678448486338117
52,0.1,0.01,4.0,0.1,2,0.049401191496948854,112,0.05678448486442588
53,0.1,0.01,4.0,0.1,5,0.04940119149691912,112,0.05678448486440001
54,0.1,0.01,4.0,0.1,10,0.049401191496868044,112,0.056784484864355576
55,0.1,0.01,4.0,0.1,20,0.04940119149671894,112,0.05678448486422586
56,0.1,0.01,4.0,0.1,2,0.049401191496948854,112,0.05678448486442588
57,0.1,0.01,4.0,0.1,5,0.04940119149691912,112,0.05678448486440001
58,0.1,0.01,4.0,0.1,10,0.049401191496868044,112,0.056784484864355576
59,0.1,0.01,4.0,0.1,20,0.04940119149671894,112,0.05678448486422586
60,0.1,0.01,4.0,1.0,2,0.04940119150784486,112,0.05678448487390515
61,0.1,0.01,4.0,1.0,5,0.04940119150754734,112,0.05678448487364632
62,0.1,0.01,4.0,1.0,10,0.04940119150703655,112,0.056784484873201944
63,0.1,0.01,4.0,1.0,20,0.04940119150554552,112,0.05678448487190478
64,0.1,0.1,0.01,0.001,2,0.15015464319051477,12,0.1501846093035861
65,0.1,0.1,0.01,0.001,5,0.15015464319051477,12,0.1501846093035861
66,0.1,0.1,0.01,0.001,10,0.15015464319051477,12,0.1501846093035861
67,0.1,0.1,0.01,0.001,20,0.15015464319051477,12,0.1501846093035861
68,0.1,0.1,0.01,0.1,2,0.15015464319051477,12,0.1501846093035861
69,0.1,0.1,0.01,0.1,5,0.15015464319051477,12,0.1501846093035861
70,0.1,0.1,0.01,0.1,10,0.15015464319051477,12,0.1501846093035861
71,0.1,0.1,0.01,0.1,20,0.15015464319051477,12,0.1501846093035861
72,0.1,0.1,0.01,0.1,2,0.15015464319051477,12,0.1501846093035861
73,0.1,0.1,0.01,0.1,5,0.15015464319051477,12,0.1501846093035861
74,0.1,0.1,0.01,0.1,10,0.15015464319051477,12,0.1501846093035861
75,0.1,0.1,0.01,0.1,20,0.15015464319051477,12,0.1501846093035861
76,0.1,0.1,0.01,1.0,2,0.1501546431905146,12,0.15018460930358596
77,0.1,0.1,0.01,1.0,5,0.1501546431905147,12,0.15018460930358604
78,0.1,0.1,0.01,1.0,10,0.15015464319051472,12,0.15018460930358604
79,0.1,0.1,0.01,1.0,20,0.15015464319051477,12,0.1501846093035861
80,0.1,0.1,0.1,0.001,2,0.10004386445897588,12,0.10008883462147981
81,0.1,0.1,0.1,0.001,5,0.10044909384608014,12,0.10049388267202446
82,0.1,0.1,0.1,0.001,10,0.10077394945924276,12,0.10081859396765071
83,0.1,0.1,0.1,0.001,20,0.10094569774838354,12,0.10099026633249367
84,0.1,0.1,0.1,0.1,2,0.07473046066978722,12,0.07479065283789556
85,0.1,0.1,0.1,0.1,5,0.08020464540064542,12,0.08026073226580525
86,0.1,0.1,0.1,0.1,10,0.08849209805973828,12,0.08854293545514705
87,0.1,0.1,0.1,0.1,20,0.10094569774838354,12,0.10099026633249367
88,0.1,0.1,0.1,0.1,2,0.07473046066978722,12,0.07479065283789556
89,0.1,0.1,0.1,0.1,5,0.08020464540064542,12,0.08026073226580525
90,0.1,0.1,0.1,0.1,10,0.08849209805973828,12,0.08854293545514705
91,0.1,0.1,0.1,0.1,20,0.10094569774838354,12,0.10099026633249367
92,0.1,0.1,0.1,1.0,2,0.037262086094420076,12,0.03738265721036927
93,0.1,0.1,0.1,1.0,5,0.03426984076803197,12,0.03440090095137431
94,0.1,0.1,0.1,1.0,10,0.045655276809290504,12,0.04575373537245827
95,0.1,0.1,0.1,1.0,20,0.10094569774838354,12,0.10099026633249367
96,0.1,0.1,2.0,0.001,2,0.046908000201764284,12,0.047003834768332656
97,0.1,0.1,2.0,0.001,5,0.04690800018758566,12,0.04700383475418294
98,0.1,0.1,2.0,0.001,10,0.04690800016387672,12,0.047003834730522345
99,0.1,0.1,2.0,0.001,20,0.046908000142904374,12,0.047003834709592754
100,0.1,0.1,2.0,0.1,2,0.046908006028874134,12,0.04700384058356181
101,0.1,0.1,2.0,0.1,5,0.04690800461102275,12,0.047003839168601236
102,0.1,0.1,2.0,0.1,10,0.04690800224013836,12,0.047003836802550755
103,0.1,0.1,2.0,0.1,20,0.046908000142904374,12,0.047003834709592754
104,0.1,0.1,2.0,0.1,2,0.046908006028874134,12,0.04700384058356181
105,0.1,0.1,2.0,0.1,5,0.04690800461102275,12,0.047003839168601236
106,0.1,0.1,2.0,0.1,10,0.04690800224013836,12,0.047003836802550755
107,0.1,0.1,2.0,0.1,20,0.046908000142904374,12,0.047003834709592754
108,0.1,0.1,2.0,1.0,2,0.046908059000614476,12,0.047003893447299966
109,0.1,0.1,2.0,1.0,5,0.046908044823159877,12,0.047003879298751244
110,0.1,0.1,2.0,1.0,10,0.046908021115052524,12,0.047003855638981504
111,0.1,0.1,2.0,1.0,20,0.046908000142904374,12,0.047003834709592754
112,0.1,0.1,4.0,0.001,2,0.04930509454962948,12,0.049396278691293156
113,0.1,0.1,4.0,0.001,5,0.04930509454940154,12,0.04939627869106564
114,0.1,0.1,4.0,0.001,10,0.04930509454907847,12,0.049396278690743166
115,0.1,0.1,4.0,0.001,20,0.0493050945487116,12,0.04939627869037697
116,0.1,0.1,4.0,0.1,2,0.049305094640500355,12,0.04939627878199629
117,0.1,0.1,4.0,0.1,5,0.049305094617705145,12,0.049396278759243156
118,0.1,0.1,4.0,0.1,10,0.04930509458539908,12,0.04939627872699672
119,0.1,0.1,4.0,0.1,20,0.0493050945487116,12,0.04939627869037697
120,0.1,0.1,4.0,0.1,2,0.049305094640500355,12,0.04939627878199629
121,0.1,0.1,4.0,0.1,5,0.049305094617705145,12,0.049396278759243156
122,0.1,0.1,4.0,0.1,10,0.04930509458539908,12,0.04939627872699672
123,0.1,0.1,4.0,0.1,20,0.0493050945487116,12,0.04939627869037697
124,0.1,0.1,4.0,1.0,2,0.04930509546659728,12,0.04939627960656826
125,0.1,0.1,4.0,1.0,5,0.04930509523864616,12,0.04939627937903793
126,0.1,0.1,4.0,1.0,10,0.04930509491558615,12,0.04939627905657428
127,0.1,0.1,4.0,1.0,20,0.0493050945487116,12,0.04939627869037697
128,0.1,1.0,0.01,0.001,2,0.15160393984996054,2,0.1516047643645491
129,0.1,1.0,0.01,0.001,5,0.15160393984996054,2,0.1516047643645491
130,0.1,1.0,0.01,0.001,10,0.15160393984996054,2,0.1516047643645491
131,0.1,1.0,0.01,0.001,20,0.15160393984996054,2,0.1516047643645491
132,0.1,1.0,0.01,0.1,2,0.15160393984996054,2,0.1516047643645491
133,0.1,1.0,0.01,0.1,5,0.15160393984996054,2,0.1516047643645491
134,0.1,1.0,0.01,0.1,10,0.15160393984996054,2,0.1516047643645491
135,0.1,1.0,0.01,0.1,20,0.15160393984996054,2,0.1516047643645491
136,0.1,1.0,0.01,0.1,2,0.15160393984996054,2,0.1516047643645491
137,0.1,1.0,0.01,0.1,5,0.15160393984996054,2,0.1516047643645491
138,0.1,1.0,0.01,0.1,10,0.15160393984996054,2,0.1516047643645491
139,0.1,1.0,0.01,0.1,20,0.15160393984996054,2,0.1516047643645491
140,0.1,1.0,0.01,1.0,2,0.15160393984996054,2,0.1516047643645491
141,0.1,1.0,0.01,1.0,5,0.15160393984996054,2,0.1516047643645491
142,0.1,1.0,0.01,1.0,10,0.15160393984996054,2,0.1516047643645491
143,0.1,1.0,0.01,1.0,20,0.15160393984996054,2,0.1516047643645491
144,0.1,1.0,0.1,0.001,2,0.10982940030881112,2,0.10983053843168157
145,0.1,1.0,0.1,0.001,5,0.10982940030881112,2,0.10983053843168157
146,0.1,1.0,0.1,0.001,10,0.10982940030881112,2,0.10983053843168157
147,0.1,1.0,0.1,0.001,20,0.10982940030881112,2,0.10983053843168157
148,0.1,1.0,0.1,0.1,2,0.10982940030881112,2,0.10983053843168157
149,0.1,1.0,0.1,0.1,5,0.10982940030881112,2,0.10983053843168157
150,0.1,1.0,0.1,0.1,10,0.10982940030881112,2,0.10983053843168157
151,0.1,1.0,0.1,0.1,20,0.10982940030881112,2,0.10983053843168157
152,0.1,1.0,0.1,0.1,2,0.10982940030881112,2,0.10983053843168157
153,0.1,1.0,0.1,0.1,5,0.10982940030881112,2,0.10983053843168157
154,0.1,1.0,0.1,0.1,10,0.10982940030881112,2,0.10983053843168157
155,0.1,1.0,0.1,0.1,20,0.10982940030881112,2,0.10983053843168157
156,0.1,1.0,0.1,1.0,2,0.10982940030881112,2,0.10983053843168157
157,0.1,1.0,0.1,1.0,5,0.10982940030881112,2,0.10983053843168157
158,0.1,1.0,0.1,1.0,10,0.10982940030881112,2,0.10983053843168157
159,0.1,1.0,0.1,1.0,20,0.10982940030881112,2,0.10983053843168157
160,0.1,1.0,2.0,0.001,2,0.045011982394945874,2,0.045014759347606396
161,0.1,1.0,2.0,0.001,5,0.045011982394945874,2,0.045014759347606396
162,0.1,1.0,2.0,0.001,10,0.045011982394945874,2,0.045014759347606396
163,0.1,1.0,2.0,0.001,20,0.045011982394945874,2,0.045014759347606396
164,0.1,1.0,2.0,0.1,2,0.045011982394945874,2,0.045014759347606396
165,0.1,1.0,2.0,0.1,5,0.045011982394945874,2,0.045014759347606396
166,0.1,1.0,2.0,0.1,10,0.045011982394945874,2,0.045014759347606396
167,0.1,1.0,2.0,0.1,20,0.045011982394945874,2,0.045014759347606396
168,0.1,1.0,2.0,0.1,2,0.045011982394945874,2,0.045014759347606396
169,0.1,1.0,2.0,0.1,5,0.045011982394945874,2,0.045014759347606396
170,0.1,1.0,2.0,0.1,10,0.045011982394945874,2,0.045014759347606396
171,0.1,1.0,2.0,0.1,20,0.045011982394945874,2,0.045014759347606396
172,0.1,1.0,2.0,1.0,2,0.045011982394945874,2,0.045014759347606396
173,0.1,1.0,2.0,1.0,5,0.045011982394945874,2,0.045014759347606396
174,0.1,1.0,2.0,1.0,10,0.045011982394945874,2,0.045014759347606396
175,0.1,1.0,2.0,1.0,20,0.045011982394945874,2,0.045014759347606396
176,0.1,1.0,4.0,0.001,2,0.04871184308657238,2,0.048714409130059755
177,0.1,1.0,4.0,0.001,5,0.04871184308657238,2,0.048714409130059755
178,0.1,1.0,4.0,0.001,10,0.04871184308657238,2,0.048714409130059755
179,0.1,1.0,4.0,0.001,20,0.04871184308657238,2,0.048714409130059755
180,0.1,1.0,4.0,0.1,2,0.04871184308657238,2,0.048714409130059755
181,0.1,1.0,4.0,0.1,5,0.04871184308657238,2,0.048714409130059755
182,0.1,1.0,4.0,0.1,10,0.04871184308657238,2,0.048714409130059755
183,0.1,1.0,4.0,0.1,20,0.04871184308657238,2,0.048714409130059755
184,0.1,1.0,4.0,0.1,2,0.04871184308657238,2,0.048714409130059755
185,0.1,1.0,4.0,0.1,5,0.04871184308657238,2,0.048714409130059755
186,0.1,1.0,4.0,0.1,10,0.04871184308657238,2,0.048714409130059755
187,0.1,1.0,4.0,0.1,20,0.04871184308657238,2,0.048714409130059755
188,0.1,1.0,4.0,1.0,2,0.04871184308657238,2,0.048714409130059755
189,0.1,1.0,4.0,1.0,5,0.04871184308657238,2,0.048714409130059755
190,0.1,1.0,4.0,1.0,10,0.04871184308657238,2,0.048714409130059755
191,0.1,1.0,4.0,1.0,20,0.04871184308657238,2,0.048714409130059755
192,0.5,0.01,0.01,0.001,2,0.13822528441914944,112,0.14103272404926012
193,0.5,0.01,0.01,0.001,5,0.13827469902088083,112,0.14108115533023954
194,0.5,0.01,0.01,0.001,10,0.13837086470851756,112,0.14117540933244313
195,0.5,0.01,0.01,0.001,20,0.13859432889861234,112,0.14139444120210926
196,0.5,0.01,0.01,0.1,2,0.08993367837036623,112,0.09419164774662601
197,0.5,0.01,0.01,0.1,5,0.08495230877647598,112,0.08944772085667538
198,0.5,0.01,0.01,0.1,10,0.07326096765900977,112,0.07842939106186199
199,0.5,0.01,0.01,0.1,20,0.05846658773917009,112,0.06482547247696753
200,0.5,0.01,0.01,0.1,2,0.08993367837036623,112,0.09419164774662601
201,0.5,0.01,0.01,0.1,5,0.08495230877647598,112,0.08944772085667538
202,0.5,0.01,0.01,0.1,10,0.07326096765900977,112,0.07842939106186199
203,0.5,0.01,0.01,0.1,20,0.05846658773917009,112,0.06482547247696753
204,0.5,0.01,0.01,1.0,2,0.05478389030721622,112,0.06152458563203087
205,0.5,0.01,0.01,1.0,5,0.06836282785322963,112,0.07387473338084076
206,0.5,0.01,0.01,1.0,10,0.06270074138251573,112,0.06866864619254642
207,0.5,0.01,0.01,1.0,20,0.041496799972023275,112,0.050059808308843046
208,0.5,0.01,0.1,0.001,2,0.09400763502794998,112,0.09808891600761142
209,0.5,0.01,0.1,0.001,5,0.09400765010817615,112,0.09808893046038003
210,0.5,0.01,0.1,0.001,10,0.09400770267141988,112,0.09808898083657554
211,0.5,0.01,0.1,0.001,20,0.09400786926897761,112,0.09808914050236747
212,0.5,0.01,0.1,0.1,2,0.09386782711564129,112,0.09795493334902496
213,0.5,0.01,0.1,0.1,5,0.09386931614564506,112,0.0979563602511397
214,0.5,0.01,0.1,0.1,10,0.09387447936614189,112,0.09796130805713141
215,0.5,0.01,0.1,0.1,20,0.09389089605173047,112,0.09797703997058115
216,0.5,0.01,0.1,0.1,2,0.09386782711564129,112,0.09795493334902496
217,0.5,0.01,0.1,0.1,5,0.09386931614564506,112,0.0979563602511397
218,0.5,0.01,0.1,0.1,10,0.09387447936614189,112,0.09796130805713141
219,0.5,0.01,0.1,0.1,20,0.09389089605173047,112,0.09797703997058115
220,0.5,0.01,0.1,1.0,2,0.09268541999980057,112,0.0968224513247802
221,0.5,0.01,0.1,1.0,5,0.0926987972753438,112,0.09683525709314396
222,0.5,0.01,0.1,1.0,10,0.09274331856763418,112,0.09687787744855725
223,0.5,0.01,0.1,1.0,20,0.09288847091527479,112,0.09701684404771085
224,0.5,0.01,2.0,0.001,2,0.04601283457697446,112,0.053862611761852176
225,0.5,0.01,2.0,0.001,5,0.046012834576980306,112,0.05386261176185717
226,0.5,0.01,2.0,0.001,10,0.046012834576978426,112,0.05386261176185556
227,0.5,0.01,2.0,0.001,20,0.04601283457697192,112,0.053862611761850004
228,0.5,0.01,2.0,0.1,2,0.0460128345761146,112,0.05386261176111763
229,0.5,0.01,2.0,0.1,5,0.04601283457669876,112,0.053862611761616656
230,0.5,0.01,2.0,0.1,10,0.04601283457650997,112,0.053862611761455376
231,0.5,0.01,2.0,0.1,20,0.04601283457585935,112,0.05386261176089958
232,0.5,0.01,2.0,0.1,2,0.0460128345761146,112,0.05386261176111763
233,0.5,0.01,2.0,0.1,5,0.04601283457669876,112,0.053862611761616656
234,0.5,0.01,2.0,0.1,10,0.04601283457650997,112,0.053862611761455376
235,0.5,0.01,2.0,0.1,20,0.04601283457585935,112,0.05386261176089958
236,0.5,0.01,2.0,1.0,2,0.04601283456829768,112,0.053862611754439925
237,0.5,0.01,2.0,1.0,5,0.046012834574139135,112,0.05386261175943006
238,0.5,0.01,2.0,1.0,10,0.046012834572251256,112,0.05386261175781732
239,0.5,0.01,2.0,1.0,20,0.04601283456574517,112,0.053862611752259405
240,0.5,0.01,4.0,0.001,2,0.04815496144898072,112,0.05570368311119848
241,0.5,0.01,4.0,0.001,5,0.048154961448980814,112,0.05570368311119857
242,0.5,0.01,4.0,0.001,10,0.04815496144898078,112,0.05570368311119853
243,0.5,0.01,4.0,0.001,20,0.04815496144898064,112,0.055703683111198415
244,0.5,0.01,4.0,0.1,2,0.048154961448990716,112,0.055703683111207124
245,0.5,0.01,4.0,0.1,5,0.04815496144900051,112,0.055703683111215596
246,0.5,0.01,4.0,0.1,10,0.04815496144899735,112,0.05570368311121286
247,0.5,0.01,4.0,0.1,20,0.04815496144898094,112,0.05570368311119867
248,0.5,0.01,4.0,0.1,2,0.048154961448990716,112,0.055703683111207124
249,0.5,0.01,4.0,0.1,5,0.04815496144900051,112,0.055703683111215596
250,0.5,0.01,4.0,0.1,10,0.04815496144899735,112,0.05570368311121286
251,0.5,0.01,4.0,0.1,20,0.04815496144898094,112,0.05570368311119867
252,0.5,0.01,4.0,1.0,2,0.048154961449081754,112,0.055703683111285825
253,0.5,0.01,4.0,1.0,5,0.048154961449179495,112,0.05570368311137032
254,0.5,0.01,4.0,1.0,10,0.04815496144914798,112,0.05570368311134308
255,0.5,0.01,4.0,1.0,20,0.04815496144898386,112,0.0557036831112012
256,0.5,0.1,0.01,0.001,2,0.14922357433585764,12,0.14925372738249865
257,0.5,0.1,0.01,0.001,5,0.14922357433585764,12,0.14925372738249865
258,0.5,0.1,0.01,0.001,10,0.14922357433585764,12,0.14925372738249865
259,0.5,0.1,0.01,0.001,20,0.14922357433585764,12,0.14925372738249865
260,0.5,0.1,0.01,0.1,2,0.1492235743358576,12,0.14925372738249862
261,0.5,0.1,0.01,0.1,5,0.1492235743358576,12,0.14925372738249862
262,0.5,0.1,0.01,0.1,10,0.14922357433585762,12,0.14925372738249865
263,0.5,0.1,0.01,0.1,20,0.14922357433585764,12,0.14925372738249865
264,0.5,0.1,0.01,0.1,2,0.1492235743358576,12,0.14925372738249862
265,0.5,0.1,0.01,0.1,5,0.1492235743358576,12,0.14925372738249862
266,0.5,0.1,0.01,0.1,10,0.14922357433585762,12,0.14925372738249865
267,0.5,0.1,0.01,0.1,20,0.14922357433585764,12,0.14925372738249865
268,0.5,0.1,0.01,1.0,2,0.14922357433585678,12,0.1492537273824978
269,0.5,0.1,0.01,1.0,5,0.14922357433585715,12,0.14925372738249815
270,0.5,0.1,0.01,1.0,10,0.14922357433585742,12,0.14925372738249842
271,0.5,0.1,0.01,1.0,20,0.14922357433585764,12,0.14925372738249865
272,0.5,0.1,0.1,0.001,2,0.10037093970341138,12,0.10041576338875208
273,0.5,0.1,0.1,0.001,5,0.10048606114622025,12,0.10053083350237337
274,0.5,0.1,0.1,0.001,10,0.100553343430382,12,0.1005980858417711
275,0.5,0.1,0.1,0.001,20,0.10060387990228559,12,0.1006485998481524
276,0.5,0.1,0.1,0.1,2,0.0872114208125552,12,0.08726300430391214
277,0.5,0.1,0.1,0.1,5,0.09171352491106341,12,0.09176257762079403
278,0.5,0.1,0.1,0.1,10,0.09632758383436564,12,0.09637428810303472
279,0.5,0.1,0.1,0.1,20,0.10060387990228559,12,0.1006485998481524
280,0.5,0.1,0.1,0.1,2,0.0872114208125552,12,0.08726300430391214
281,0.5,0.1,0.1,0.1,5,0.09171352491106341,12,0.09176257762079403
282,0.5,0.1,0.1,0.1,10,0.09632758383436564,12,0.09637428810303472
283,0.5,0.1,0.1,0.1,20,0.10060387990228559,12,0.1006485998481524
284,0.5,0.1,0.1,1.0,2,0.054419840881659964,12,0.054502468582488896
285,0.5,0.1,0.1,1.0,5,0.03969272398738105,12,0.03980593344638981
286,0.5,0.1,0.1,1.0,10,0.08107236402294664,12,0.0811278510024096
287,0.5,0.1,0.1,1.0,20,0.10060387990228559,12,0.1006485998481524
288,0.5,0.1,2.0,0.001,2,0.04572070505175899,12,0.04581902301915592
289,0.5,0.1,2.0,0.001,5,0.04572070506020066,12,0.045819023027579474
290,0.5,0.1,2.0,0.001,10,0.045720705052598856,12,0.045819023019993986
291,0.5,0.1,2.0,0.001,20,0.04572070504117856,12,0.04581902300859819
292,0.5,0.1,2.0,0.1,2,0.04572070609921552,12,0.045819024064364826
293,0.5,0.1,2.0,0.1,5,0.04572070694338558,12,0.045819024906723474
294,0.5,0.1,2.0,0.1,10,0.04572070618320563,12,0.045819024148174715
295,0.5,0.1,2.0,0.1,20,0.04572070504117856,12,0.04581902300859819
296,0.5,0.1,2.0,0.1,2,0.04572070609921552,12,0.045819024064364826
297,0.5,0.1,2.0,0.1,5,0.04572070694338558,12,0.045819024906723474
298,0.5,0.1,2.0,0.1,10,0.04572070618320563,12,0.045819024148174715
299,0.5,0.1,2.0,0.1,20,0.04572070504117856,12,0.04581902300859819
300,0.5,0.1,2.0,1.0,2,0.04572071562094146,12,0.045819033565659154
301,0.5,0.1,2.0,1.0,5,0.04572072406296552,12,0.045819041989568425
302,0.5,0.1,2.0,1.0,10,0.0457207164613341,12,0.04581903440424848
303,0.5,0.1,2.0,1.0,20,0.04572070504117856,12,0.04581902300859819
304,0.5,0.1,4.0,0.001,2,0.04806172203868204,12,0.048155260619412436
305,0.5,0.1,4.0,0.001,5,0.04806172203882802,12,0.04815526061955814
306,0.5,0.1,4.0,0.001,10,0.0480617220387621,12,0.048155260619492345
307,0.5,0.1,4.0,0.001,20,0.04806172203857489,12,0.0481552606193055
308,0.5,0.1,4.0,0.1,2,0.0480617220492903,12,0.0481552606300001
309,0.5,0.1,4.0,0.1,5,0.048061722063887286,12,0.04815526064456873
310,0.5,0.1,4.0,0.1,10,0.04806172205729729,12,0.04815526063799153
311,0.5,0.1,4.0,0.1,20,0.04806172203857489,12,0.0481552606193055
312,0.5,0.1,4.0,0.1,2,0.0480617220492903,12,0.0481552606300001
313,0.5,0.1,4.0,0.1,5,0.048061722063887286,12,0.04815526064456873
314,0.5,0.1,4.0,0.1,10,0.04806172205729729,12,0.04815526063799153
315,0.5,0.1,4.0,0.1,20,0.04806172203857489,12,0.0481552606193055
316,0.5,0.1,4.0,1.0,2,0.048061722145728514,12,0.04815526072625099
317,0.5,0.1,4.0,1.0,5,0.048061722291698625,12,0.048155260871937555
318,0.5,0.1,4.0,1.0,10,0.04806172222579892,12,0.04815526080616586
319,0.5,0.1,4.0,1.0,20,0.04806172203857489,12,0.0481552606193055
320,0.5,1.0,0.01,0.001,2,0.15160393984996054,2,0.1516047643645491
321,0.5,1.0,0.01,0.001,5,0.15160393984996054,2,0.1516047643645491
322,0.5,1.0,0.01,0.001,10,0.15160393984996054,2,0.1516047643645491
323,0.5,1.0,0.01,0.001,20,0.15160393984996054,2,0.1516047643645491
324,0.5,1.0,0.01,0.1,2,0.15160393984996054,2,0.1516047643645491
325,0.5,1.0,0.01,0.1,5,0.15160393984996054,2,0.1516047643645491
326,0.5,1.0,0.01,0.1,10,0.15160393984996054,2,0.1516047643645491
327,0.5,1.0,0.01,0.1,20,0.15160393984996054,2,0.1516047643645491
328,0.5,1.0,0.01,0.1,2,0.15160393984996054,2,0.1516047643645491
329,0.5,1.0,0.01,0.1,5,0.15160393984996054,2,0.1516047643645491
330,0.5,1.0,0.01,0.1,10,0.15160393984996054,2,0.1516047643645491
331,0.5,1.0,0.01,0.1,20,0.15160393984996054,2,0.1516047643645491
332,0.5,1.0,0.01,1.0,2,0.15160393984996054,2,0.1516047643645491
333,0.5,1.0,0.01,1.0,5,0.15160393984996054,2,0.1516047643645491
334,0.5,1.0,0.01,1.0,10,0.15160393984996054,2,0.1516047643645491
335,0.5,1.0,0.01,1.0,20,0.15160393984996054,2,0.1516047643645491
336,0.5,1.0,0.1,0.001,2,0.10837391734532457,2,0.10837507075324676
337,0.5,1.0,0.1,0.001,5,0.10837391734532457,2,0.10837507075324676
338,0.5,1.0,0.1,0.001,10,0.10837391734532457,2,0.10837507075324676
339,0.5,1.0,0.1,0.001,20,0.10837391734532457,2,0.10837507075324676
340,0.5,1.0,0.1,0.1,2,0.10837391734532457,2,0.10837507075324676
341,0.5,1.0,0.1,0.1,5,0.10837391734532457,2,0.10837507075324676
342,0.5,1.0,0.1,0.1,10,0.10837391734532457,2,0.10837507075324676
343,0.5,1.0,0.1,0.1,20,0.10837391734532457,2,0.10837507075324676
344,0.5,1.0,0.1,0.1,2,0.10837391734532457,2,0.10837507075324676
345,0.5,1.0,0.1,0.1,5,0.10837391734532457,2,0.10837507075324676
346,0.5,1.0,0.1,0.1,10,0.10837391734532457,2,0.10837507075324676
347,0.5,1.0,0.1,0.1,20,0.10837391734532457,2,0.10837507075324676
348,0.5,1.0,0.1,1.0,2,0.10837391734532457,2,0.10837507075324676
349,0.5,1.0,0.1,1.0,5,0.10837391734532457,2,0.10837507075324676
350,0.5,1.0,0.1,1.0,10,0.10837391734532457,2,0.10837507075324676
351,0.5,1.0,0.1,1.0,20,0.10837391734532457,2,0.10837507075324676
352,0.5,1.0,2.0,0.001,2,0.043905152605743875,2,0.0439079995596891
353,0.5,1.0,2.0,0.001,5,0.043905152605743875,2,0.0439079995596891
354,0.5,1.0,2.0,0.001,10,0.043905152605743875,2,0.0439079995596891
355,0.5,1.0,2.0,0.001,20,0.043905152605743875,2,0.0439079995596891
356,0.5,1.0,2.0,0.1,2,0.043905152605743875,2,0.0439079995596891
357,0.5,1.0,2.0,0.1,5,0.043905152605743875,2,0.0439079995596891
358,0.5,1.0,2.0,0.1,10,0.043905152605743875,2,0.0439079995596891
359,0.5,1.0,2.0,0.1,20,0.043905152605743875,2,0.0439079995596891
360,0.5,1.0,2.0,0.1,2,0.043905152605743875,2,0.0439079995596891
361,0.5,1.0,2.0,0.1,5,0.043905152605743875,2,0.0439079995596891
362,0.5,1.0,2.0,0.1,10,0.043905152605743875,2,0.0439079995596891
363,0.5,1.0,2.0,0.1,20,0.043905152605743875,2,0.0439079995596891
364,0.5,1.0,2.0,1.0,2,0.043905152605743875,2,0.0439079995596891
365,0.5,1.0,2.0,1.0,5,0.043905152605743875,2,0.0439079995596891
366,0.5,1.0,2.0,1.0,10,0.043905152605743875,2,0.0439079995596891
367,0.5,1.0,2.0,1.0,20,0.043905152605743875,2,0.0439079995596891
368,0.5,1.0,4.0,0.001,2,0.04749163299738609,2,0.047494264967029555
369,0.5,1.0,4.0,0.001,5,0.04749163299738609,2,0.047494264967029555
370,0.5,1.0,4.0,0.001,10,0.04749163299738609,2,0.047494264967029555
371,0.5,1.0,4.0,0.001,20,0.04749163299738609,2,0.047494264967029555
372,0.5,1.0,4.0,0.1,2,0.04749163299738609,2,0.047494264967029555
373,0.5,1.0,4.0,0.1,5,0.04749163299738609,2,0.047494264967029555
374,0.5,1.0,4.0,0.1,10,0.04749163299738609,2,0.047494264967029555
375,0.5,1.0,4.0,0.1,20,0.04749163299738609,2,0.047494264967029555
376,0.5,1.0,4.0,0.1,2,0.04749163299738609,2,0.047494264967029555
377,0.5,1.0,4.0,0.1,5,0.04749163299738609,2,0.047494264967029555
378,0.5,1.0,4.0,0.1,10,0.04749163299738609,2,0.047494264967029555
379,0.5,1.0,4.0,0.1,20,0.04749163299738609,2,0.047494264967029555
380,0.5,1.0,4.0,1.0,2,0.04749163299738609,2,0.047494264967029555
381,0.5,1.0,4.0,1.0,5,0.04749163299738609,2,0.047494264967029555
382,0.5,1.0,4.0,1.0,10,0.04749163299738609,2,0.047494264967029555
383,0.5,1.0,4.0,1.0,20,0.04749163299738609,2,0.047494264967029555
384,0.9,0.01,0.01,0.001,2,0.13924742600263207,112,0.14203466354506034
385,0.9,0.01,0.01,0.001,5,0.13929518695687299,112,0.14208148756734706
386,0.9,0.01,0.01,0.001,10,0.1393867946494415,112,0.1421712999259892
387,0.9,0.01,0.01,0.001,20,0.13962636894359817,112,0.14240618983869274
388,0.9,0.01,0.01,0.1,2,0.09392332106787901,112,0.09800811313569854
389,0.9,0.01,0.01,0.1,5,0.09237984281131928,112,0.09652997129308627
390,0.9,0.01,0.01,0.1,10,0.08027260389561441,112,0.08501582756276745
391,0.9,0.01,0.01,0.1,20,0.05995331848067971,112,0.06616948236797543
392,0.9,0.01,0.01,0.1,2,0.09392332106787901,112,0.09800811313569854
393,0.9,0.01,0.01,0.1,5,0.09237984281131928,112,0.09652997129308627
394,0.9,0.01,0.01,0.1,10,0.08027260389561441,112,0.08501582756276745
395,0.9,0.01,0.01,0.1,20,0.05995331848067971,112,0.06616948236797543
396,0.9,0.01,0.01,1.0,2,0.06911481216657286,112,0.07457115568918486
397,0.9,0.01,0.01,1.0,5,0.07690228324305268,112,0.08184107262245956
398,0.9,0.01,0.01,1.0,10,0.07469805240331362,112,0.07977342309847427
399,0.9,0.01,0.01,1.0,20,0.04722544796270277,112,0.05490212140963177
400,0.9,0.01,0.1,0.001,2,0.09391092080011107,112,0.09799622975158143
401,0.9,0.01,0.1,0.001,5,0.09391092859024566,112,0.09799623721695758
402,0.9,0.01,0.1,0.001,10,0.09391094998481628,112,0.09799625771962246
403,0.9,0.01,0.1,0.001,20,0.09391104896700503,112,0.09799635257540566
404,0.9,0.01,0.1,0.1,2,0.09383746224146003,112,0.09792583581423973
405,0.9,0.01,0.1,0.1,5,0.09383823111030241,112,0.09792657258329084
406,0.9,0.01,0.1,0.1,10,0.09384033043761322,112,0.09792858426751834
407,0.9,0.01,0.1,0.1,20,0.09385012041246237,112,0.09793796557736782
408,0.9,0.01,0.1,0.1,2,0.09383746224146003,112,0.09792583581423973
409,0.9,0.01,0.1,0.1,5,0.09383823111030241,112,0.09792657258329084
410,0.9,0.01,0.1,0.1,10,0.09384033043761322,112,0.09792858426751834
411,0.9,0.01,0.1,0.1,20,0.09385012041246237,112,0.09793796557736782
412,0.9,0.01,0.1,1.0,2,0.09320394567741568,112,0.09731893695390766
413,0.9,0.01,0.1,1.0,5,0.09321080197170921,112,0.09732550335964972
414,0.9,0.01,0.1,1.0,10,0.09322866454599513,112,0.09734261088048589
415,0.9,0.01,0.1,1.0,20,0.0933177907657988,112,0.09742797377247155
416,0.9,0.01,2.0,0.001,2,0.045969906424958615,112,0.0538259444572917
417,0.9,0.01,2.0,0.001,5,0.04596990642497213,112,0.053825944457303244
418,0.9,0.01,2.0,0.001,10,0.04596990642498058,112,0.05382594445731047
419,0.9,0.01,2.0,0.001,20,0.045969906425001233,112,0.0538259444573281
420,0.9,0.01,2.0,0.1,2,0.04596990639654468,112,0.05382594443302485
421,0.9,0.01,2.0,0.1,5,0.04596990639789547,112,0.05382594443417849
422,0.9,0.01,2.0,0.1,10,0.04596990639874228,112,0.05382594443490171
423,0.9,0.01,2.0,0.1,20,0.045969906400804235,112,0.05382594443666272
424,0.9,0.01,2.0,0.1,2,0.04596990639654468,112,0.05382594443302485
425,0.9,0.01,2.0,0.1,5,0.04596990639789547,112,0.05382594443417849
426,0.9,0.01,2.0,0.1,10,0.04596990639874228,112,0.05382594443490171
427,0.9,0.01,2.0,0.1,20,0.045969906400804235,112,0.05382594443666272
428,0.9,0.01,2.0,1.0,2,0.045969906138236136,112,0.05382594421241712
429,0.9,0.01,2.0,1.0,5,0.04596990615174383,112,0.053825944223953336
430,0.9,0.01,2.0,1.0,10,0.04596990616021215,112,0.053825944231185675
431,0.9,0.01,2.0,1.0,20,0.04596990618083154,112,0.05382594424879562
432,0.9,0.01,4.0,0.001,2,0.04810960814682876,112,0.055664480560240676
433,0.9,0.01,4.0,0.001,5,0.04810960814682898,112,0.05566448056024086
434,0.9,0.01,4.0,0.001,10,0.048109608146829096,112,0.05566448056024097
435,0.9,0.01,4.0,0.001,20,0.04810960814682942,112,0.055664480560241245
436,0.9,0.01,4.0,0.1,2,0.04810960814640969,112,0.055664480559878486
437,0.9,0.01,4.0,0.1,5,0.0481096081464332,112,0.055664480559898796
438,0.9,0.01,4.0,0.1,10,0.048109608146447436,112,0.055664480559911106
439,0.9,0.01,4.0,0.1,20,0.04810960814647535,112,0.05566448055993523
440,0.9,0.01,4.0,0.1,2,0.04810960814640969,112,0.055664480559878486
441,0.9,0.01,4.0,0.1,5,0.0481096081464332,112,0.055664480559898796
442,0.9,0.01,4.0,0.1,10,0.048109608146447436,112,0.055664480559911106
443,0.9,0.01,4.0,0.1,20,0.04810960814647535,112,0.05566448055993523
444,0.9,0.01,4.0,1.0,2,0.048109608142600194,112,0.055664480556586016
445,0.9,0.01,4.0,1.0,5,0.0481096081428351,112,0.05566448055678904
446,0.9,0.01,4.0,1.0,10,0.04810960814297766,112,0.055664480556912255
447,0.9,0.01,4.0,1.0,20,0.04810960814325659,112,0.05566448055715333
448,0.9,0.1,0.01,0.001,2,0.14893521417115357,12,0.1489654255866353
449,0.9,0.1,0.01,0.001,5,0.14893521417115357,12,0.1489654255866353
450,0.9,0.1,0.01,0.001,10,0.14893521417115357,12,0.1489654255866353
451,0.9,0.1,0.01,0.001,20,0.14893521417115357,12,0.1489654255866353
452,0.9,0.1,0.01,0.1,2,0.14893521417115346,12,0.1489654255866352
453,0.9,0.1,0.01,0.1,5,0.14893521417115355,12,0.14896542558663528
454,0.9,0.1,0.01,0.1,10,0.14893521417115357,12,0.1489654255866353
455,0.9,0.1,0.01,0.1,20,0.14893521417115357,12,0.1489654255866353
456,0.9,0.1,0.01,0.1,2,0.14893521417115346,12,0.1489654255866352
457,0.9,0.1,0.01,0.1,5,0.14893521417115355,12,0.14896542558663528
458,0.9,0.1,0.01,0.1,10,0.14893521417115357,12,0.1489654255866353
459,0.9,0.1,0.01,0.1,20,0.14893521417115357,12,0.1489654255866353
460,0.9,0.1,0.01,1.0,2,0.14893521417115216,12,0.1489654255866339
461,0.9,0.1,0.01,1.0,5,0.14893521417115274,12,0.14896542558663448
462,0.9,0.1,0.01,1.0,10,0.14893521417115324,12,0.14896542558663498
463,0.9,0.1,0.01,1.0,20,0.14893521417115357,12,0.1489654255866353
464,0.9,0.1,0.1,0.001,2,0.10037692807517833,12,0.10042174908758322
465,0.9,0.1,0.1,0.001,5,0.10045941303393482,12,0.10050419726122245
466,0.9,0.1,0.1,0.001,10,0.10049228472404095,12,0.10053705430863645
467,0.9,0.1,0.1,0.001,20,0.10052886265074397,12,0.10057361595295332
468,0.9,0.1,0.1,0.1,2,0.08979939481955705,12,0.08984949254146453
469,0.9,0.1,0.1,0.1,5,0.09373956108087585,12,0.09378755414038291
470,0.9,0.1,0.1,0.1,10,0.09735696169669562,12,0.09740317238576914
471,0.9,0.1,0.1,0.1,20,0.10052886265074397,12,0.10057361595295332
472,0.9,0.1,0.1,0.1,2,0.08979939481955705,12,0.08984949254146453
473,0.9,0.1,0.1,0.1,5,0.09373956108087585,12,0.09378755414038291
474,0.9,0.1,0.1,0.1,10,0.09735696169669562,12,0.09740317238576914
475,0.9,0.1,0.1,0.1,20,0.10052886265074397,12,0.10057361595295332
476,0.9,0.1,0.1,1.0,2,0.04737828740272525,12,0.04747317260532767
477,0.9,0.1,0.1,1.0,5,0.078404180855246,12,0.07846155476143794
478,0.9,0.1,0.1,1.0,10,0.09183102345963705,12,0.0918800134395093
479,0.9,0.1,0.1,1.0,20,0.10052886265074397,12,0.10057361595295332
480,0.9,0.1,2.0,0.001,2,0.04568376077391584,12,0.04578215807984996
481,0.9,0.1,2.0,0.001,5,0.045683760781472814,12,0.045782158087390695
482,0.9,0.1,2.0,0.001,10,0.04568376077698744,12,0.045782158082914956
483,0.9,0.1,2.0,0.001,20,0.04568376076706117,12,0.045782158073010025
484,0.9,0.1,2.0,0.1,2,0.04568376145252313,12,0.04578215875699876
485,0.9,0.1,2.0,0.1,5,0.04568376220822442,12,0.04578215951107586
486,0.9,0.1,2.0,0.1,10,0.04568376175968481,12,0.04578215906350027
487,0.9,0.1,2.0,0.1,20,0.04568376076706117,12,0.045782158073010025
488,0.9,0.1,2.0,0.1,2,0.04568376145252313,12,0.04578215875699876
489,0.9,0.1,2.0,0.1,5,0.04568376220822442,12,0.04578215951107586
490,0.9,0.1,2.0,0.1,10,0.04568376175968481,12,0.04578215906350027
491,0.9,0.1,2.0,0.1,20,0.04568376076706117,12,0.045782158073010025
492,0.9,0.1,2.0,1.0,2,0.04568376762128505,12,0.04578216491250247
493,0.9,0.1,2.0,1.0,5,0.04568377517849819,12,0.045782172453473276
494,0.9,0.1,2.0,1.0,10,0.04568377069307863,12,0.045782167977693994
495,0.9,0.1,2.0,1.0,20,0.04568376076706117,12,0.045782158073010025
496,0.9,0.1,4.0,0.001,2,0.048018133024129356,12,0.048111756350428345
497,0.9,0.1,4.0,0.001,5,0.04801813302424967,12,0.04811175635054842
498,0.9,0.1,4.0,0.001,10,0.048018133024240406,12,0.04811175635053918
499,0.9,0.1,4.0,0.001,20,0.04801813302407747,12,0.04811175635037656
500,0.9,0.1,4.0,0.1,2,0.04801813302926682,12,0.04811175635555581
501,0.9,0.1,4.0,0.1,5,0.04801813304129949,12,0.04811175636756507
502,0.9,0.1,4.0,0.1,10,0.04801813304037235,12,0.04811175636663973
503,0.9,0.1,4.0,0.1,20,0.04801813302407747,12,0.04811175635037656
504,0.9,0.1,4.0,0.1,2,0.04801813302926682,12,0.04811175635555581
505,0.9,0.1,4.0,0.1,5,0.04801813304129949,12,0.04811175636756507
506,0.9,0.1,4.0,0.1,10,0.04801813304037235,12,0.04811175636663973
507,0.9,0.1,4.0,0.1,20,0.04801813302407747,12,0.04811175635037656
508,0.9,0.1,4.0,1.0,2,0.04801813307597059,12,0.04811175640216869
509,0.9,0.1,4.0,1.0,5,0.048018133196297566,12,0.048111756522261524
510,0.9,0.1,4.0,1.0,10,0.048018133187026066,12,0.048111756513008065
511,0.9,0.1,4.0,1.0,20,0.04801813302407747,12,0.04811175635037656
512,0.9,1.0,0.01,0.001,2,0.15160393984996054,2,0.1516047643645491
513,0.9,1.0,0.01,0.001,5,0.15160393984996054,2,0.1516047643645491
514,0.9,1.0,0.01,0.001,10,0.15160393984996054,2,0.1516047643645491
515,0.9,1.0,0.01,0.001,20,0.15160393984996054,2,0.1516047643645491
516,0.9,1.0,0.01,0.1,2,0.15160393984996054,2,0.1516047643645491
517,0.9,1.0,0.01,0.1,5,0.15160393984996054,2,0.1516047643645491
518,0.9,1.0,0.01,0.1,10,0.15160393984996054,2,0.1516047643645491
519,0.9,1.0,0.01,0.1,20,0.15160393984996054,2,0.1516047643645491
520,0.9,1.0,0.01,0.1,2,0.15160393984996054,2,0.1516047643645491
521,0.9,1.0,0.01,0.1,5,0.15160393984996054,2,0.1516047643645491
522,0.9,1.0,0.01,0.1,10,0.15160393984996054,2,0.1516047643645491
523,0.9,1.0,0.01,0.1,20,0.15160393984996054,2,0.1516047643645491
524,0.9,1.0,0.01,1.0,2,0.15160393984996054,2,0.1516047643645491
525,0.9,1.0,0.01,1.0,5,0.15160393984996054,2,0.1516047643645491
526,0.9,1.0,0.01,1.0,10,0.15160393984996054,2,0.1516047643645491
527,0.9,1.0,0.01,1.0,20,0.15160393984996054,2,0.1516047643645491
528,0.9,1.0,0.1,0.001,2,0.10819133779602255,2,0.10819249315037092
529,0.9,1.0,0.1,0.001,5,0.10819133779602255,2,0.10819249315037092
530,0.9,1.0,0.1,0.001,10,0.10819133779602255,2,0.10819249315037092
531,0.9,1.0,0.1,0.001,20,0.10819133779602255,2,0.10819249315037092
532,0.9,1.0,0.1,0.1,2,0.10819133779602255,2,0.10819249315037092
533,0.9,1.0,0.1,0.1,5,0.10819133779602255,2,0.10819249315037092
534,0.9,1.0,0.1,0.1,10,0.10819133779602255,2,0.10819249315037092
535,0.9,1.0,0.1,0.1,20,0.10819133779602255,2,0.10819249315037092
536,0.9,1.0,0.1,0.1,2,0.10819133779602255,2,0.10819249315037092
537,0.9,1.0,0.1,0.1,5,0.10819133779602255,2,0.10819249315037092
538,0.9,1.0,0.1,0.1,10,0.10819133779602255,2,0.10819249315037092
539,0.9,1.0,0.1,0.1,20,0.10819133779602255,2,0.10819249315037092
540,0.9,1.0,0.1,1.0,2,0.10819133779602255,2,0.10819249315037092
541,0.9,1.0,0.1,1.0,5,0.10819133779602255,2,0.10819249315037092
542,0.9,1.0,0.1,1.0,10,0.10819133779602255,2,0.10819249315037092
543,0.9,1.0,0.1,1.0,20,0.10819133779602255,2,0.10819249315037092
544,0.9,1.0,2.0,0.001,2,0.04387653356453774,2,0.04387938237532528
545,0.9,1.0,2.0,0.001,5,0.04387653356453774,2,0.04387938237532528
546,0.9,1.0,2.0,0.001,10,0.04387653356453774,2,0.04387938237532528
547,0.9,1.0,2.0,0.001,20,0.04387653356453774,2,0.04387938237532528
548,0.9,1.0,2.0,0.1,2,0.04387653356453774,2,0.04387938237532528
549,0.9,1.0,2.0,0.1,5,0.04387653356453774,2,0.04387938237532528
550,0.9,1.0,2.0,0.1,10,0.04387653356453774,2,0.04387938237532528
551,0.9,1.0,2.0,0.1,20,0.04387653356453774,2,0.04387938237532528
552,0.9,1.0,2.0,0.1,2,0.04387653356453774,2,0.04387938237532528
553,0.9,1.0,2.0,0.1,5,0.04387653356453774,2,0.04387938237532528
554,0.9,1.0,2.0,0.1,10,0.04387653356453774,2,0.04387938237532528
555,0.9,1.0,2.0,0.1,20,0.04387653356453774,2,0.04387938237532528
556,0.9,1.0,2.0,1.0,2,0.04387653356453774,2,0.04387938237532528
557,0.9,1.0,2.0,1.0,5,0.04387653356453774,2,0.04387938237532528
558,0.9,1.0,2.0,1.0,10,0.04387653356453774,2,0.04387938237532528
559,0.9,1.0,2.0,1.0,20,0.04387653356453774,2,0.04387938237532528
560,0.9,1.0,4.0,0.001,2,0.04745128088804086,2,0.04745391509576161
561,0.9,1.0,4.0,0.001,5,0.04745128088804086,2,0.04745391509576161
562,0.9,1.0,4.0,0.001,10,0.04745128088804086,2,0.04745391509576161
563,0.9,1.0,4.0,0.001,20,0.04745128088804086,2,0.04745391509576161
564,0.9,1.0,4.0,0.1,2,0.04745128088804086,2,0.04745391509576161
565,0.9,1.0,4.0,0.1,5,0.04745128088804086,2,0.04745391509576161
566,0.9,1.0,4.0,0.1,10,0.04745128088804086,2,0.04745391509576161
567,0.9,1.0,4.0,0.1,20,0.04745128088804086,2,0.04745391509576161
568,0.9,1.0,4.0,0.1,2,0.04745128088804086,2,0.04745391509576161
569,0.9,1.0,4.0,0.1,5,0.04745128088804086,2,0.04745391509576161
570,0.9,1.0,4.0,0.1,10,0.04745128088804086,2,0.04745391509576161
571,0.9,1.0,4.0,0.1,20,0.04745128088804086,2,0.04745391509576161
572,0.9,1.0,4.0,1.0,2,0.04745128088804086,2,0.04745391509576161
573,0.9,1.0,4.0,1.0,5,0.04745128088804086,2,0.04745391509576161
574,0.9,1.0,4.0,1.0,10,0.04745128088804086,2,0.04745391509576161
575,0.9,1.0,4.0,1.0,20,0.04745128088804086,2,0.04745391509576161
