,eta,epsilon,mu,K,r2,mse,CB_size,tradeOff_dist
0,0.02,0.001,0.0001,2,-0.0006788750606117055,7026030.252321671,1961.0,7026030.525984094
1,0.02,0.001,0.0001,5,0.016759562863714716,6903590.38128699,1961.0,6903590.659803002
2,0.02,0.001,0.0001,9,0.6099872717610025,2738382.2080102656,1864.0,2738382.842416885
3,0.02,0.001,0.0001,12,0.4402479070850417,3930167.046229145,1764.0,3930167.442102375
4,0.02,0.001,0.0001,16,0.40122566295830797,4204152.512077323,1749.0,4204152.8758844
5,0.02,0.001,0.0001,20,0.3097627773580156,4846337.549863163,1766.0,4846337.871627368
6,0.02,0.001,0.20007999999999998,2,0.0319967443540462,6796606.112128016,1950.0,6796606.391863214
7,0.02,0.001,0.20007999999999998,5,,,,
8,0.02,0.001,0.20007999999999998,9,,,,
9,0.02,0.001,0.20007999999999998,12,,,,
10,0.02,0.001,0.20007999999999998,16,,,,
11,0.02,0.001,0.20007999999999998,20,,,,
12,0.02,0.001,0.40005999999999997,2,0.007948702995447587,6965453.751771015,1953.0,6965454.025565736
13,0.02,0.001,0.40005999999999997,5,,,,
14,0.02,0.001,0.40005999999999997,9,,,,
15,0.02,0.001,0.40005999999999997,12,,,,
16,0.02,0.001,0.40005999999999997,16,,,,
17,0.02,0.001,0.40005999999999997,20,,,,
18,0.02,0.001,0.6000399999999999,2,,,,
19,0.02,0.001,0.6000399999999999,5,,,,
20,0.02,0.001,0.6000399999999999,9,,,,
21,0.02,0.001,0.6000399999999999,12,,,,
22,0.02,0.001,0.6000399999999999,16,,,,
23,0.02,0.001,0.6000399999999999,20,,,,
24,0.02,0.001,0.80002,2,,,,
25,0.02,0.001,0.80002,5,,,,
26,0.02,0.001,0.80002,9,,,,
27,0.02,0.001,0.80002,12,,,,
28,0.02,0.001,0.80002,16,,,,
29,0.02,0.001,0.80002,20,,,,
30,0.02,0.001,1.0,2,,,,
31,0.02,0.001,1.0,5,,,,
32,0.02,0.001,1.0,9,,,,
33,0.02,0.001,1.0,12,,,,
34,0.02,0.001,1.0,16,,,,
35,0.02,0.001,1.0,20,,,,
36,0.02,20.0008,0.0001,2,,,,
37,0.02,20.0008,0.0001,5,,,,
38,0.02,20.0008,0.0001,9,,,,
39,0.02,20.0008,0.0001,12,,,,
40,0.02,20.0008,0.0001,16,,,,
41,0.02,20.0008,0.0001,20,,,,
42,0.02,20.0008,0.20007999999999998,2,,,,
43,0.02,20.0008,0.20007999999999998,5,0.004297916836058402,6991086.8840773925,11.0,6991086.884086046
44,0.02,20.0008,0.20007999999999998,9,,,,
45,0.02,20.0008,0.20007999999999998,12,,,,
46,0.02,20.0008,0.20007999999999998,16,,,,
47,0.02,20.0008,0.20007999999999998,20,,,,
48,0.02,20.0008,0.40005999999999997,2,,,,
49,0.02,20.0008,0.40005999999999997,5,,,,
50,0.02,20.0008,0.40005999999999997,9,,,,
51,0.02,20.0008,0.40005999999999997,12,,,,
52,0.02,20.0008,0.40005999999999997,16,,,,
53,0.02,20.0008,0.40005999999999997,20,,,,
54,0.02,20.0008,0.6000399999999999,2,,,,
55,0.02,20.0008,0.6000399999999999,5,,,,
56,0.02,20.0008,0.6000399999999999,9,,,,
57,0.02,20.0008,0.6000399999999999,12,,,,
58,0.02,20.0008,0.6000399999999999,16,,,,
59,0.02,20.0008,0.6000399999999999,20,,,,
60,0.02,20.0008,0.80002,2,,,,
61,0.02,20.0008,0.80002,5,,,,
62,0.02,20.0008,0.80002,9,,,,
63,0.02,20.0008,0.80002,12,,,,
64,0.02,20.0008,0.80002,16,,,,
65,0.02,20.0008,0.80002,20,,,,
66,0.02,20.0008,1.0,2,,,,
67,0.02,20.0008,1.0,5,,,,
68,0.02,20.0008,1.0,9,,,,
69,0.02,20.0008,1.0,12,,,,
70,0.02,20.0008,1.0,16,,,,
71,0.02,20.0008,1.0,20,,,,
72,0.02,40.0006,0.0001,2,,,,
73,0.02,40.0006,0.0001,5,,,,
74,0.02,40.0006,0.0001,9,,,,
75,0.02,40.0006,0.0001,12,,,,
76,0.02,40.0006,0.0001,16,,,,
77,0.02,40.0006,0.0001,20,,,,
78,0.02,40.0006,0.20007999999999998,2,,,,
79,0.02,40.0006,0.20007999999999998,5,,,,
80,0.02,40.0006,0.20007999999999998,9,,,,
81,0.02,40.0006,0.20007999999999998,12,,,,
82,0.02,40.0006,0.20007999999999998,16,,,,
83,0.02,40.0006,0.20007999999999998,20,,,,
84,0.02,40.0006,0.40005999999999997,2,,,,
85,0.02,40.0006,0.40005999999999997,5,,,,
86,0.02,40.0006,0.40005999999999997,9,,,,
87,0.02,40.0006,0.40005999999999997,12,,,,
88,0.02,40.0006,0.40005999999999997,16,,,,
89,0.02,40.0006,0.40005999999999997,20,,,,
90,0.02,40.0006,0.6000399999999999,2,,,,
91,0.02,40.0006,0.6000399999999999,5,,,,
92,0.02,40.0006,0.6000399999999999,9,,,,
93,0.02,40.0006,0.6000399999999999,12,,,,
94,0.02,40.0006,0.6000399999999999,16,,,,
95,0.02,40.0006,0.6000399999999999,20,,,,
96,0.02,40.0006,0.80002,2,,,,
97,0.02,40.0006,0.80002,5,,,,
98,0.02,40.0006,0.80002,9,,,,
99,0.02,40.0006,0.80002,12,,,,
100,0.02,40.0006,0.80002,16,,,,
101,0.02,40.0006,0.80002,20,,,,
102,0.02,40.0006,1.0,2,,,,
103,0.02,40.0006,1.0,5,,,,
104,0.02,40.0006,1.0,9,,,,
105,0.02,40.0006,1.0,12,,,,
106,0.02,40.0006,1.0,16,,,,
107,0.02,40.0006,1.0,20,,,,
108,0.02,60.0004,0.0001,2,,,,
109,0.02,60.0004,0.0001,5,,,,
110,0.02,60.0004,0.0001,9,,,,
111,0.02,60.0004,0.0001,12,,,,
112,0.02,60.0004,0.0001,16,,,,
113,0.02,60.0004,0.0001,20,,,,
114,0.02,60.0004,0.20007999999999998,2,,,,
115,0.02,60.0004,0.20007999999999998,5,,,,
116,0.02,60.0004,0.20007999999999998,9,,,,
117,0.02,60.0004,0.20007999999999998,12,,,,
118,0.02,60.0004,0.20007999999999998,16,,,,
119,0.02,60.0004,0.20007999999999998,20,,,,
120,0.02,60.0004,0.40005999999999997,2,,,,
121,0.02,60.0004,0.40005999999999997,5,,,,
122,0.02,60.0004,0.40005999999999997,9,,,,
123,0.02,60.0004,0.40005999999999997,12,,,,
124,0.02,60.0004,0.40005999999999997,16,,,,
125,0.02,60.0004,0.40005999999999997,20,,,,
126,0.02,60.0004,0.6000399999999999,2,,,,
127,0.02,60.0004,0.6000399999999999,5,,,,
128,0.02,60.0004,0.6000399999999999,9,,,,
129,0.02,60.0004,0.6000399999999999,12,,,,
130,0.02,60.0004,0.6000399999999999,16,,,,
131,0.02,60.0004,0.6000399999999999,20,,,,
132,0.02,60.0004,0.80002,2,,,,
133,0.02,60.0004,0.80002,5,,,,
134,0.02,60.0004,0.80002,9,,,,
135,0.02,60.0004,0.80002,12,,,,
136,0.02,60.0004,0.80002,16,,,,
137,0.02,60.0004,0.80002,20,,,,
138,0.02,60.0004,1.0,2,,,,
139,0.02,60.0004,1.0,5,,,,
140,0.02,60.0004,1.0,9,,,,
141,0.02,60.0004,1.0,12,,,,
142,0.02,60.0004,1.0,16,,,,
143,0.02,60.0004,1.0,20,,,,
144,0.02,80.0002,0.0001,2,,,,
145,0.02,80.0002,0.0001,5,,,,
146,0.02,80.0002,0.0001,9,,,,
147,0.02,80.0002,0.0001,12,,,,
148,0.02,80.0002,0.0001,16,,,,
149,0.02,80.0002,0.0001,20,,,,
150,0.02,80.0002,0.20007999999999998,2,,,,
151,0.02,80.0002,0.20007999999999998,5,,,,
152,0.02,80.0002,0.20007999999999998,9,,,,
153,0.02,80.0002,0.20007999999999998,12,,,,
154,0.02,80.0002,0.20007999999999998,16,,,,
155,0.02,80.0002,0.20007999999999998,20,,,,
156,0.02,80.0002,0.40005999999999997,2,,,,
157,0.02,80.0002,0.40005999999999997,5,,,,
158,0.02,80.0002,0.40005999999999997,9,,,,
159,0.02,80.0002,0.40005999999999997,12,,,,
160,0.02,80.0002,0.40005999999999997,16,,,,
161,0.02,80.0002,0.40005999999999997,20,,,,
162,0.02,80.0002,0.6000399999999999,2,,,,
163,0.02,80.0002,0.6000399999999999,5,,,,
164,0.02,80.0002,0.6000399999999999,9,,,,
165,0.02,80.0002,0.6000399999999999,12,,,,
166,0.02,80.0002,0.6000399999999999,16,,,,
167,0.02,80.0002,0.6000399999999999,20,,,,
168,0.02,80.0002,0.80002,2,,,,
169,0.02,80.0002,0.80002,5,,,,
170,0.02,80.0002,0.80002,9,,,,
171,0.02,80.0002,0.80002,12,,,,
172,0.02,80.0002,0.80002,16,,,,
173,0.02,80.0002,0.80002,20,,,,
174,0.02,80.0002,1.0,2,,,,
175,0.02,80.0002,1.0,5,,,,
176,0.02,80.0002,1.0,9,,,,
177,0.02,80.0002,1.0,12,,,,
178,0.02,80.0002,1.0,16,,,,
179,0.02,80.0002,1.0,20,,,,
180,0.02,100.0,0.0001,2,,,,
181,0.02,100.0,0.0001,5,,,,
182,0.02,100.0,0.0001,9,,,,
183,0.02,100.0,0.0001,12,,,,
184,0.02,100.0,0.0001,16,-0.0032178787069223613,7043857.266436118,14.0,7043857.266450031
185,0.02,100.0,0.0001,20,-0.0032178787069223613,7043857.266436118,14.0,7043857.266450031
186,0.02,100.0,0.20007999999999998,2,,,,
187,0.02,100.0,0.20007999999999998,5,,,,
188,0.02,100.0,0.20007999999999998,9,,,,
189,0.02,100.0,0.20007999999999998,12,,,,
190,0.02,100.0,0.20007999999999998,16,-0.0032178787069223613,7043857.266436118,14.0,7043857.266450031
191,0.02,100.0,0.20007999999999998,20,-0.0032178787069223613,7043857.266436118,14.0,7043857.266450031
192,0.02,100.0,0.40005999999999997,2,,,,
193,0.02,100.0,0.40005999999999997,5,,,,
194,0.02,100.0,0.40005999999999997,9,,,,
195,0.02,100.0,0.40005999999999997,12,,,,
196,0.02,100.0,0.40005999999999997,16,-0.0032178787069223613,7043857.266436118,14.0,7043857.266450031
197,0.02,100.0,0.40005999999999997,20,-0.0032178787069223613,7043857.266436118,14.0,7043857.266450031
198,0.02,100.0,0.6000399999999999,2,,,,
199,0.02,100.0,0.6000399999999999,5,,,,
200,0.02,100.0,0.6000399999999999,9,,,,
201,0.02,100.0,0.6000399999999999,12,,,,
202,0.02,100.0,0.6000399999999999,16,-0.0032178787069223613,7043857.266436118,14.0,7043857.266450031
203,0.02,100.0,0.6000399999999999,20,-0.0032178787069223613,7043857.266436118,14.0,7043857.266450031
204,0.02,100.0,0.80002,2,,,,
205,0.02,100.0,0.80002,5,,,,
206,0.02,100.0,0.80002,9,,,,
207,0.02,100.0,0.80002,12,,,,
208,0.02,100.0,0.80002,16,-0.0032178787069223613,7043857.266436118,14.0,7043857.266450031
209,0.02,100.0,0.80002,20,-0.0032178787069223613,7043857.266436118,14.0,7043857.266450031
210,0.02,100.0,1.0,2,,,,
211,0.02,100.0,1.0,5,,,,
212,0.02,100.0,1.0,9,,,,
213,0.02,100.0,1.0,12,,,,
214,0.02,100.0,1.0,16,-0.0032178787069223613,7043857.266436118,14.0,7043857.266450031
215,0.02,100.0,1.0,20,-0.0032178787069223613,7043857.266436118,14.0,7043857.266450031
216,0.216,0.001,0.0001,2,0.016610705072580667,6904635.551091078,1961.0,6904635.82956493
217,0.216,0.001,0.0001,5,0.151569624214701,5957053.392273407,1961.0,5957053.715043797
218,0.216,0.001,0.0001,9,0.8422367800370003,1107697.1681815255,1951.0,1107698.8863397718
219,0.216,0.001,0.0001,12,0.8708771634091456,906605.4842998262,1942.0,906607.5642341191
220,0.216,0.001,0.0001,16,0.7736502092132675,1589261.5676312097,1880.0,1589262.6795937826
221,0.216,0.001,0.0001,20,0.7739386945488994,1587236.0360186053,1922.0,1587237.199702696
222,0.216,0.001,0.20007999999999998,2,0.21476817612492982,5513319.694390265,1940.0,5513320.035709116
223,0.216,0.001,0.20007999999999998,5,,,,
224,0.216,0.001,0.20007999999999998,9,,,,
225,0.216,0.001,0.20007999999999998,12,,,,
226,0.216,0.001,0.20007999999999998,16,,,,
227,0.216,0.001,0.20007999999999998,20,,,,
228,0.216,0.001,0.40005999999999997,2,,,,
229,0.216,0.001,0.40005999999999997,5,,,,
230,0.216,0.001,0.40005999999999997,9,,,,
231,0.216,0.001,0.40005999999999997,12,,,,
232,0.216,0.001,0.40005999999999997,16,,,,
233,0.216,0.001,0.40005999999999997,20,,,,
234,0.216,0.001,0.6000399999999999,2,,,,
235,0.216,0.001,0.6000399999999999,5,,,,
236,0.216,0.001,0.6000399999999999,9,,,,
237,0.216,0.001,0.6000399999999999,12,,,,
238,0.216,0.001,0.6000399999999999,16,,,,
239,0.216,0.001,0.6000399999999999,20,,,,
240,0.216,0.001,0.80002,2,,,,
241,0.216,0.001,0.80002,5,,,,
242,0.216,0.001,0.80002,9,,,,
243,0.216,0.001,0.80002,12,,,,
244,0.216,0.001,0.80002,16,,,,
245,0.216,0.001,0.80002,20,,,,
246,0.216,0.001,1.0,2,,,,
247,0.216,0.001,1.0,5,,,,
248,0.216,0.001,1.0,9,,,,
249,0.216,0.001,1.0,12,,,,
250,0.216,0.001,1.0,16,,,,
251,0.216,0.001,1.0,20,,,,
252,0.216,20.0008,0.0001,2,,,,
253,0.216,20.0008,0.0001,5,,,,
254,0.216,20.0008,0.0001,9,,,,
255,0.216,20.0008,0.0001,12,,,,
256,0.216,20.0008,0.0001,16,,,,
257,0.216,20.0008,0.0001,20,,,,
258,0.216,20.0008,0.20007999999999998,2,,,,
259,0.216,20.0008,0.20007999999999998,5,-0.3447038979982835,9441520.65484399,9.0,9441520.65484828
260,0.216,20.0008,0.20007999999999998,9,,,,
261,0.216,20.0008,0.20007999999999998,12,,,,
262,0.216,20.0008,0.20007999999999998,16,,,,
263,0.216,20.0008,0.20007999999999998,20,,,,
264,0.216,20.0008,0.40005999999999997,2,,,,
265,0.216,20.0008,0.40005999999999997,5,,,,
266,0.216,20.0008,0.40005999999999997,9,,,,
267,0.216,20.0008,0.40005999999999997,12,,,,
268,0.216,20.0008,0.40005999999999997,16,,,,
269,0.216,20.0008,0.40005999999999997,20,,,,
270,0.216,20.0008,0.6000399999999999,2,,,,
271,0.216,20.0008,0.6000399999999999,5,,,,
272,0.216,20.0008,0.6000399999999999,9,,,,
273,0.216,20.0008,0.6000399999999999,12,,,,
274,0.216,20.0008,0.6000399999999999,16,,,,
275,0.216,20.0008,0.6000399999999999,20,,,,
276,0.216,20.0008,0.80002,2,,,,
277,0.216,20.0008,0.80002,5,,,,
278,0.216,20.0008,0.80002,9,,,,
279,0.216,20.0008,0.80002,12,,,,
280,0.216,20.0008,0.80002,16,,,,
281,0.216,20.0008,0.80002,20,,,,
282,0.216,20.0008,1.0,2,,,,
283,0.216,20.0008,1.0,5,,,,
284,0.216,20.0008,1.0,9,,,,
285,0.216,20.0008,1.0,12,,,,
286,0.216,20.0008,1.0,16,,,,
287,0.216,20.0008,1.0,20,,,,
288,0.216,40.0006,0.0001,2,,,,
289,0.216,40.0006,0.0001,5,,,,
290,0.216,40.0006,0.0001,9,,,,
291,0.216,40.0006,0.0001,12,,,,
292,0.216,40.0006,0.0001,16,,,,
293,0.216,40.0006,0.0001,20,,,,
294,0.216,40.0006,0.20007999999999998,2,,,,
295,0.216,40.0006,0.20007999999999998,5,,,,
296,0.216,40.0006,0.20007999999999998,9,,,,
297,0.216,40.0006,0.20007999999999998,12,,,,
298,0.216,40.0006,0.20007999999999998,16,,,,
299,0.216,40.0006,0.20007999999999998,20,,,,
300,0.216,40.0006,0.40005999999999997,2,,,,
301,0.216,40.0006,0.40005999999999997,5,,,,
302,0.216,40.0006,0.40005999999999997,9,,,,
303,0.216,40.0006,0.40005999999999997,12,,,,
304,0.216,40.0006,0.40005999999999997,16,,,,
305,0.216,40.0006,0.40005999999999997,20,,,,
306,0.216,40.0006,0.6000399999999999,2,,,,
307,0.216,40.0006,0.6000399999999999,5,,,,
308,0.216,40.0006,0.6000399999999999,9,,,,
309,0.216,40.0006,0.6000399999999999,12,,,,
310,0.216,40.0006,0.6000399999999999,16,,,,
311,0.216,40.0006,0.6000399999999999,20,,,,
312,0.216,40.0006,0.80002,2,,,,
313,0.216,40.0006,0.80002,5,,,,
314,0.216,40.0006,0.80002,9,,,,
315,0.216,40.0006,0.80002,12,,,,
316,0.216,40.0006,0.80002,16,,,,
317,0.216,40.0006,0.80002,20,,,,
318,0.216,40.0006,1.0,2,,,,
319,0.216,40.0006,1.0,5,,,,
320,0.216,40.0006,1.0,9,,,,
321,0.216,40.0006,1.0,12,,,,
322,0.216,40.0006,1.0,16,,,,
323,0.216,40.0006,1.0,20,,,,
324,0.216,60.0004,0.0001,2,,,,
325,0.216,60.0004,0.0001,5,,,,
326,0.216,60.0004,0.0001,9,,,,
327,0.216,60.0004,0.0001,12,,,,
328,0.216,60.0004,0.0001,16,,,,
329,0.216,60.0004,0.0001,20,,,,
330,0.216,60.0004,0.20007999999999998,2,,,,
331,0.216,60.0004,0.20007999999999998,5,,,,
332,0.216,60.0004,0.20007999999999998,9,,,,
333,0.216,60.0004,0.20007999999999998,12,,,,
334,0.216,60.0004,0.20007999999999998,16,,,,
335,0.216,60.0004,0.20007999999999998,20,,,,
336,0.216,60.0004,0.40005999999999997,2,,,,
337,0.216,60.0004,0.40005999999999997,5,,,,
338,0.216,60.0004,0.40005999999999997,9,,,,
339,0.216,60.0004,0.40005999999999997,12,,,,
340,0.216,60.0004,0.40005999999999997,16,,,,
341,0.216,60.0004,0.40005999999999997,20,,,,
342,0.216,60.0004,0.6000399999999999,2,,,,
343,0.216,60.0004,0.6000399999999999,5,,,,
344,0.216,60.0004,0.6000399999999999,9,,,,
345,0.216,60.0004,0.6000399999999999,12,,,,
346,0.216,60.0004,0.6000399999999999,16,,,,
347,0.216,60.0004,0.6000399999999999,20,,,,
348,0.216,60.0004,0.80002,2,,,,
349,0.216,60.0004,0.80002,5,,,,
350,0.216,60.0004,0.80002,9,,,,
351,0.216,60.0004,0.80002,12,,,,
352,0.216,60.0004,0.80002,16,,,,
353,0.216,60.0004,0.80002,20,,,,
354,0.216,60.0004,1.0,2,,,,
355,0.216,60.0004,1.0,5,,,,
356,0.216,60.0004,1.0,9,,,,
357,0.216,60.0004,1.0,12,,,,
358,0.216,60.0004,1.0,16,,,,
359,0.216,60.0004,1.0,20,,,,
360,0.216,80.0002,0.0001,2,,,,
361,0.216,80.0002,0.0001,5,,,,
362,0.216,80.0002,0.0001,9,,,,
363,0.216,80.0002,0.0001,12,,,,
364,0.216,80.0002,0.0001,16,,,,
365,0.216,80.0002,0.0001,20,,,,
366,0.216,80.0002,0.20007999999999998,2,,,,
367,0.216,80.0002,0.20007999999999998,5,,,,
368,0.216,80.0002,0.20007999999999998,9,,,,
369,0.216,80.0002,0.20007999999999998,12,,,,
370,0.216,80.0002,0.20007999999999998,16,,,,
371,0.216,80.0002,0.20007999999999998,20,,,,
372,0.216,80.0002,0.40005999999999997,2,,,,
373,0.216,80.0002,0.40005999999999997,5,,,,
374,0.216,80.0002,0.40005999999999997,9,,,,
375,0.216,80.0002,0.40005999999999997,12,,,,
376,0.216,80.0002,0.40005999999999997,16,,,,
377,0.216,80.0002,0.40005999999999997,20,,,,
378,0.216,80.0002,0.6000399999999999,2,,,,
379,0.216,80.0002,0.6000399999999999,5,,,,
380,0.216,80.0002,0.6000399999999999,9,,,,
381,0.216,80.0002,0.6000399999999999,12,,,,
382,0.216,80.0002,0.6000399999999999,16,,,,
383,0.216,80.0002,0.6000399999999999,20,,,,
384,0.216,80.0002,0.80002,2,,,,
385,0.216,80.0002,0.80002,5,,,,
386,0.216,80.0002,0.80002,9,,,,
387,0.216,80.0002,0.80002,12,,,,
388,0.216,80.0002,0.80002,16,,,,
389,0.216,80.0002,0.80002,20,,,,
390,0.216,80.0002,1.0,2,,,,
391,0.216,80.0002,1.0,5,,,,
392,0.216,80.0002,1.0,9,,,,
393,0.216,80.0002,1.0,12,,,,
394,0.216,80.0002,1.0,16,,,,
395,0.216,80.0002,1.0,20,,,,
396,0.216,100.0,0.0001,2,,,,
397,0.216,100.0,0.0001,5,,,,
398,0.216,100.0,0.0001,9,,,,
399,0.216,100.0,0.0001,12,,,,
400,0.216,100.0,0.0001,16,-0.003193143405111565,7043683.593359616,14.0,7043683.593373529
401,0.216,100.0,0.0001,20,-0.003193143405111565,7043683.593359616,14.0,7043683.593373529
402,0.216,100.0,0.20007999999999998,2,,,,
403,0.216,100.0,0.20007999999999998,5,,,,
404,0.216,100.0,0.20007999999999998,9,,,,
405,0.216,100.0,0.20007999999999998,12,,,,
406,0.216,100.0,0.20007999999999998,16,-0.003193143405111565,7043683.593359616,14.0,7043683.593373529
407,0.216,100.0,0.20007999999999998,20,-0.003193143405111565,7043683.593359616,14.0,7043683.593373529
408,0.216,100.0,0.40005999999999997,2,,,,
409,0.216,100.0,0.40005999999999997,5,,,,
410,0.216,100.0,0.40005999999999997,9,,,,
411,0.216,100.0,0.40005999999999997,12,,,,
412,0.216,100.0,0.40005999999999997,16,-0.003193143405111565,7043683.593359616,14.0,7043683.593373529
413,0.216,100.0,0.40005999999999997,20,-0.003193143405111565,7043683.593359616,14.0,7043683.593373529
414,0.216,100.0,0.6000399999999999,2,,,,
415,0.216,100.0,0.6000399999999999,5,,,,
416,0.216,100.0,0.6000399999999999,9,,,,
417,0.216,100.0,0.6000399999999999,12,,,,
418,0.216,100.0,0.6000399999999999,16,-0.003193143405111565,7043683.593359616,14.0,7043683.593373529
419,0.216,100.0,0.6000399999999999,20,-0.003193143405111565,7043683.593359616,14.0,7043683.593373529
420,0.216,100.0,0.80002,2,,,,
421,0.216,100.0,0.80002,5,,,,
422,0.216,100.0,0.80002,9,,,,
423,0.216,100.0,0.80002,12,,,,
424,0.216,100.0,0.80002,16,-0.003193143405111565,7043683.593359616,14.0,7043683.593373529
425,0.216,100.0,0.80002,20,-0.003193143405111565,7043683.593359616,14.0,7043683.593373529
426,0.216,100.0,1.0,2,,,,
427,0.216,100.0,1.0,5,,,,
428,0.216,100.0,1.0,9,,,,
429,0.216,100.0,1.0,12,,,,
430,0.216,100.0,1.0,16,-0.003193143405111565,7043683.593359616,14.0,7043683.593373529
431,0.216,100.0,1.0,20,-0.003193143405111565,7043683.593359616,14.0,7043683.593373529
432,0.41200000000000003,0.001,0.0001,2,0.028449420811556325,6821512.806118929,1961.0,6821513.087986091
433,0.41200000000000003,0.001,0.0001,5,0.24768213880852685,5282222.083256291,1961.0,5282222.447262273
434,0.41200000000000003,0.001,0.0001,9,0.1735768877591951,5802534.591799014,1960.0,5802534.9228267595
435,0.41200000000000003,0.001,0.0001,12,0.8966886803171884,725376.0178106519,1888.0,725378.4748383696
436,0.41200000000000003,0.001,0.0001,16,0.7723494620463134,1598394.4564863762,1904.0,1598395.5905039208
437,0.41200000000000003,0.001,0.0001,20,0.010201465187759884,6949636.514384531,1928.0,6949636.781821823
438,0.41200000000000003,0.001,0.20007999999999998,2,,,,
439,0.41200000000000003,0.001,0.20007999999999998,5,,,,
440,0.41200000000000003,0.001,0.20007999999999998,9,,,,
441,0.41200000000000003,0.001,0.20007999999999998,12,,,,
442,0.41200000000000003,0.001,0.20007999999999998,16,,,,
443,0.41200000000000003,0.001,0.20007999999999998,20,,,,
444,0.41200000000000003,0.001,0.40005999999999997,2,,,,
445,0.41200000000000003,0.001,0.40005999999999997,5,,,,
446,0.41200000000000003,0.001,0.40005999999999997,9,,,,
447,0.41200000000000003,0.001,0.40005999999999997,12,,,,
448,0.41200000000000003,0.001,0.40005999999999997,16,,,,
449,0.41200000000000003,0.001,0.40005999999999997,20,,,,
450,0.41200000000000003,0.001,0.6000399999999999,2,,,,
451,0.41200000000000003,0.001,0.6000399999999999,5,,,,
452,0.41200000000000003,0.001,0.6000399999999999,9,,,,
453,0.41200000000000003,0.001,0.6000399999999999,12,,,,
454,0.41200000000000003,0.001,0.6000399999999999,16,,,,
455,0.41200000000000003,0.001,0.6000399999999999,20,,,,
456,0.41200000000000003,0.001,0.80002,2,,,,
457,0.41200000000000003,0.001,0.80002,5,,,,
458,0.41200000000000003,0.001,0.80002,9,,,,
459,0.41200000000000003,0.001,0.80002,12,,,,
460,0.41200000000000003,0.001,0.80002,16,,,,
461,0.41200000000000003,0.001,0.80002,20,,,,
462,0.41200000000000003,0.001,1.0,2,,,,
463,0.41200000000000003,0.001,1.0,5,,,,
464,0.41200000000000003,0.001,1.0,9,,,,
465,0.41200000000000003,0.001,1.0,12,,,,
466,0.41200000000000003,0.001,1.0,16,,,,
467,0.41200000000000003,0.001,1.0,20,,,,
468,0.41200000000000003,20.0008,0.0001,2,,,,
469,0.41200000000000003,20.0008,0.0001,5,,,,
470,0.41200000000000003,20.0008,0.0001,9,,,,
471,0.41200000000000003,20.0008,0.0001,12,,,,
472,0.41200000000000003,20.0008,0.0001,16,,,,
473,0.41200000000000003,20.0008,0.0001,20,,,,
474,0.41200000000000003,20.0008,0.20007999999999998,2,,,,
475,0.41200000000000003,20.0008,0.20007999999999998,5,-0.8710876895568587,13137400.058312282,9.0,13137400.058315365
476,0.41200000000000003,20.0008,0.20007999999999998,9,,,,
477,0.41200000000000003,20.0008,0.20007999999999998,12,,,,
478,0.41200000000000003,20.0008,0.20007999999999998,16,,,,
479,0.41200000000000003,20.0008,0.20007999999999998,20,,,,
480,0.41200000000000003,20.0008,0.40005999999999997,2,,,,
481,0.41200000000000003,20.0008,0.40005999999999997,5,,,,
482,0.41200000000000003,20.0008,0.40005999999999997,9,,,,
483,0.41200000000000003,20.0008,0.40005999999999997,12,,,,
484,0.41200000000000003,20.0008,0.40005999999999997,16,,,,
485,0.41200000000000003,20.0008,0.40005999999999997,20,,,,
486,0.41200000000000003,20.0008,0.6000399999999999,2,,,,
487,0.41200000000000003,20.0008,0.6000399999999999,5,,,,
488,0.41200000000000003,20.0008,0.6000399999999999,9,,,,
489,0.41200000000000003,20.0008,0.6000399999999999,12,,,,
490,0.41200000000000003,20.0008,0.6000399999999999,16,,,,
491,0.41200000000000003,20.0008,0.6000399999999999,20,,,,
492,0.41200000000000003,20.0008,0.80002,2,,,,
493,0.41200000000000003,20.0008,0.80002,5,,,,
494,0.41200000000000003,20.0008,0.80002,9,,,,
495,0.41200000000000003,20.0008,0.80002,12,,,,
496,0.41200000000000003,20.0008,0.80002,16,,,,
497,0.41200000000000003,20.0008,0.80002,20,,,,
498,0.41200000000000003,20.0008,1.0,2,,,,
499,0.41200000000000003,20.0008,1.0,5,,,,
500,0.41200000000000003,20.0008,1.0,9,,,,
501,0.41200000000000003,20.0008,1.0,12,,,,
502,0.41200000000000003,20.0008,1.0,16,,,,
503,0.41200000000000003,20.0008,1.0,20,,,,
504,0.41200000000000003,40.0006,0.0001,2,,,,
505,0.41200000000000003,40.0006,0.0001,5,,,,
506,0.41200000000000003,40.0006,0.0001,9,,,,
507,0.41200000000000003,40.0006,0.0001,12,,,,
508,0.41200000000000003,40.0006,0.0001,16,,,,
509,0.41200000000000003,40.0006,0.0001,20,,,,
510,0.41200000000000003,40.0006,0.20007999999999998,2,,,,
511,0.41200000000000003,40.0006,0.20007999999999998,5,,,,
512,0.41200000000000003,40.0006,0.20007999999999998,9,,,,
513,0.41200000000000003,40.0006,0.20007999999999998,12,,,,
514,0.41200000000000003,40.0006,0.20007999999999998,16,,,,
515,0.41200000000000003,40.0006,0.20007999999999998,20,,,,
516,0.41200000000000003,40.0006,0.40005999999999997,2,,,,
517,0.41200000000000003,40.0006,0.40005999999999997,5,,,,
518,0.41200000000000003,40.0006,0.40005999999999997,9,,,,
519,0.41200000000000003,40.0006,0.40005999999999997,12,,,,
520,0.41200000000000003,40.0006,0.40005999999999997,16,,,,
521,0.41200000000000003,40.0006,0.40005999999999997,20,,,,
522,0.41200000000000003,40.0006,0.6000399999999999,2,,,,
523,0.41200000000000003,40.0006,0.6000399999999999,5,,,,
524,0.41200000000000003,40.0006,0.6000399999999999,9,,,,
525,0.41200000000000003,40.0006,0.6000399999999999,12,,,,
526,0.41200000000000003,40.0006,0.6000399999999999,16,,,,
527,0.41200000000000003,40.0006,0.6000399999999999,20,,,,
528,0.41200000000000003,40.0006,0.80002,2,,,,
529,0.41200000000000003,40.0006,0.80002,5,,,,
530,0.41200000000000003,40.0006,0.80002,9,,,,
531,0.41200000000000003,40.0006,0.80002,12,,,,
532,0.41200000000000003,40.0006,0.80002,16,,,,
533,0.41200000000000003,40.0006,0.80002,20,,,,
534,0.41200000000000003,40.0006,1.0,2,,,,
535,0.41200000000000003,40.0006,1.0,5,,,,
536,0.41200000000000003,40.0006,1.0,9,,,,
537,0.41200000000000003,40.0006,1.0,12,,,,
538,0.41200000000000003,40.0006,1.0,16,,,,
539,0.41200000000000003,40.0006,1.0,20,,,,
540,0.41200000000000003,60.0004,0.0001,2,,,,
541,0.41200000000000003,60.0004,0.0001,5,,,,
542,0.41200000000000003,60.0004,0.0001,9,,,,
543,0.41200000000000003,60.0004,0.0001,12,,,,
544,0.41200000000000003,60.0004,0.0001,16,,,,
545,0.41200000000000003,60.0004,0.0001,20,,,,
546,0.41200000000000003,60.0004,0.20007999999999998,2,,,,
547,0.41200000000000003,60.0004,0.20007999999999998,5,,,,
548,0.41200000000000003,60.0004,0.20007999999999998,9,,,,
549,0.41200000000000003,60.0004,0.20007999999999998,12,,,,
550,0.41200000000000003,60.0004,0.20007999999999998,16,,,,
551,0.41200000000000003,60.0004,0.20007999999999998,20,,,,
552,0.41200000000000003,60.0004,0.40005999999999997,2,,,,
553,0.41200000000000003,60.0004,0.40005999999999997,5,,,,
554,0.41200000000000003,60.0004,0.40005999999999997,9,,,,
555,0.41200000000000003,60.0004,0.40005999999999997,12,,,,
556,0.41200000000000003,60.0004,0.40005999999999997,16,,,,
557,0.41200000000000003,60.0004,0.40005999999999997,20,,,,
558,0.41200000000000003,60.0004,0.6000399999999999,2,,,,
559,0.41200000000000003,60.0004,0.6000399999999999,5,,,,
560,0.41200000000000003,60.0004,0.6000399999999999,9,,,,
561,0.41200000000000003,60.0004,0.6000399999999999,12,,,,
562,0.41200000000000003,60.0004,0.6000399999999999,16,,,,
563,0.41200000000000003,60.0004,0.6000399999999999,20,,,,
564,0.41200000000000003,60.0004,0.80002,2,,,,
565,0.41200000000000003,60.0004,0.80002,5,,,,
566,0.41200000000000003,60.0004,0.80002,9,,,,
567,0.41200000000000003,60.0004,0.80002,12,,,,
568,0.41200000000000003,60.0004,0.80002,16,,,,
569,0.41200000000000003,60.0004,0.80002,20,,,,
570,0.41200000000000003,60.0004,1.0,2,,,,
571,0.41200000000000003,60.0004,1.0,5,,,,
572,0.41200000000000003,60.0004,1.0,9,,,,
573,0.41200000000000003,60.0004,1.0,12,,,,
574,0.41200000000000003,60.0004,1.0,16,,,,
575,0.41200000000000003,60.0004,1.0,20,,,,
576,0.41200000000000003,80.0002,0.0001,2,,,,
577,0.41200000000000003,80.0002,0.0001,5,,,,
578,0.41200000000000003,80.0002,0.0001,9,,,,
579,0.41200000000000003,80.0002,0.0001,12,,,,
580,0.41200000000000003,80.0002,0.0001,16,,,,
581,0.41200000000000003,80.0002,0.0001,20,,,,
582,0.41200000000000003,80.0002,0.20007999999999998,2,,,,
583,0.41200000000000003,80.0002,0.20007999999999998,5,,,,
584,0.41200000000000003,80.0002,0.20007999999999998,9,,,,
585,0.41200000000000003,80.0002,0.20007999999999998,12,,,,
586,0.41200000000000003,80.0002,0.20007999999999998,16,,,,
587,0.41200000000000003,80.0002,0.20007999999999998,20,,,,
588,0.41200000000000003,80.0002,0.40005999999999997,2,,,,
589,0.41200000000000003,80.0002,0.40005999999999997,5,,,,
590,0.41200000000000003,80.0002,0.40005999999999997,9,,,,
591,0.41200000000000003,80.0002,0.40005999999999997,12,,,,
592,0.41200000000000003,80.0002,0.40005999999999997,16,,,,
593,0.41200000000000003,80.0002,0.40005999999999997,20,,,,
594,0.41200000000000003,80.0002,0.6000399999999999,2,,,,
595,0.41200000000000003,80.0002,0.6000399999999999,5,,,,
596,0.41200000000000003,80.0002,0.6000399999999999,9,,,,
597,0.41200000000000003,80.0002,0.6000399999999999,12,,,,
598,0.41200000000000003,80.0002,0.6000399999999999,16,,,,
599,0.41200000000000003,80.0002,0.6000399999999999,20,,,,
600,0.41200000000000003,80.0002,0.80002,2,,,,
601,0.41200000000000003,80.0002,0.80002,5,,,,
602,0.41200000000000003,80.0002,0.80002,9,,,,
603,0.41200000000000003,80.0002,0.80002,12,,,,
604,0.41200000000000003,80.0002,0.80002,16,,,,
605,0.41200000000000003,80.0002,0.80002,20,,,,
606,0.41200000000000003,80.0002,1.0,2,,,,
607,0.41200000000000003,80.0002,1.0,5,,,,
608,0.41200000000000003,80.0002,1.0,9,,,,
609,0.41200000000000003,80.0002,1.0,12,,,,
610,0.41200000000000003,80.0002,1.0,16,,,,
611,0.41200000000000003,80.0002,1.0,20,,,,
612,0.41200000000000003,100.0,0.0001,2,,,,
613,0.41200000000000003,100.0,0.0001,5,,,,
614,0.41200000000000003,100.0,0.0001,9,,,,
615,0.41200000000000003,100.0,0.0001,12,,,,
616,0.41200000000000003,100.0,0.0001,16,-0.003191418996663087,7043671.485833186,14.0,7043671.485847099
617,0.41200000000000003,100.0,0.0001,20,-0.003191418996663087,7043671.485833186,14.0,7043671.485847099
618,0.41200000000000003,100.0,0.20007999999999998,2,,,,
619,0.41200000000000003,100.0,0.20007999999999998,5,,,,
620,0.41200000000000003,100.0,0.20007999999999998,9,,,,
621,0.41200000000000003,100.0,0.20007999999999998,12,,,,
622,0.41200000000000003,100.0,0.20007999999999998,16,-0.003191418996663087,7043671.485833186,14.0,7043671.485847099
623,0.41200000000000003,100.0,0.20007999999999998,20,-0.003191418996663087,7043671.485833186,14.0,7043671.485847099
624,0.41200000000000003,100.0,0.40005999999999997,2,,,,
625,0.41200000000000003,100.0,0.40005999999999997,5,,,,
626,0.41200000000000003,100.0,0.40005999999999997,9,,,,
627,0.41200000000000003,100.0,0.40005999999999997,12,,,,
628,0.41200000000000003,100.0,0.40005999999999997,16,-0.003191418996663087,7043671.485833186,14.0,7043671.485847099
629,0.41200000000000003,100.0,0.40005999999999997,20,-0.003191418996663087,7043671.485833186,14.0,7043671.485847099
630,0.41200000000000003,100.0,0.6000399999999999,2,,,,
631,0.41200000000000003,100.0,0.6000399999999999,5,,,,
632,0.41200000000000003,100.0,0.6000399999999999,9,,,,
633,0.41200000000000003,100.0,0.6000399999999999,12,,,,
634,0.41200000000000003,100.0,0.6000399999999999,16,-0.003191418996663087,7043671.485833186,14.0,7043671.485847099
635,0.41200000000000003,100.0,0.6000399999999999,20,-0.003191418996663087,7043671.485833186,14.0,7043671.485847099
636,0.41200000000000003,100.0,0.80002,2,,,,
637,0.41200000000000003,100.0,0.80002,5,,,,
638,0.41200000000000003,100.0,0.80002,9,,,,
639,0.41200000000000003,100.0,0.80002,12,,,,
640,0.41200000000000003,100.0,0.80002,16,-0.003191418996663087,7043671.485833186,14.0,7043671.485847099
641,0.41200000000000003,100.0,0.80002,20,-0.003191418996663087,7043671.485833186,14.0,7043671.485847099
642,0.41200000000000003,100.0,1.0,2,,,,
643,0.41200000000000003,100.0,1.0,5,,,,
644,0.41200000000000003,100.0,1.0,9,,,,
645,0.41200000000000003,100.0,1.0,12,,,,
646,0.41200000000000003,100.0,1.0,16,-0.003191418996663087,7043671.485833186,14.0,7043671.485847099
647,0.41200000000000003,100.0,1.0,20,-0.003191418996663087,7043671.485833186,14.0,7043671.485847099
648,0.6080000000000001,0.001,0.0001,2,0.03798289536245214,6754575.767400813,1961.0,6754576.052061246
649,0.6080000000000001,0.001,0.0001,5,0.32345611706533395,4750193.000960691,1961.0,4750193.405735911
650,0.6080000000000001,0.001,0.0001,9,0.19542880868978962,5649106.492779338,1958.0,5649106.83210414
651,0.6080000000000001,0.001,0.0001,12,0.7752830270234237,1577797.1232259143,1950.0,1577798.328228285
652,0.6080000000000001,0.001,0.0001,16,0.6001451370799918,2807486.430892973,1959.0,2807487.1143656503
653,0.6080000000000001,0.001,0.0001,20,0.045047849881063695,6704970.858757134,1911.0,6704971.131086499
654,0.6080000000000001,0.001,0.20007999999999998,2,,,,
655,0.6080000000000001,0.001,0.20007999999999998,5,,,,
656,0.6080000000000001,0.001,0.20007999999999998,9,,,,
657,0.6080000000000001,0.001,0.20007999999999998,12,,,,
658,0.6080000000000001,0.001,0.20007999999999998,16,,,,
659,0.6080000000000001,0.001,0.20007999999999998,20,,,,
660,0.6080000000000001,0.001,0.40005999999999997,2,,,,
661,0.6080000000000001,0.001,0.40005999999999997,5,,,,
662,0.6080000000000001,0.001,0.40005999999999997,9,,,,
663,0.6080000000000001,0.001,0.40005999999999997,12,,,,
664,0.6080000000000001,0.001,0.40005999999999997,16,,,,
665,0.6080000000000001,0.001,0.40005999999999997,20,,,,
666,0.6080000000000001,0.001,0.6000399999999999,2,,,,
667,0.6080000000000001,0.001,0.6000399999999999,5,,,,
668,0.6080000000000001,0.001,0.6000399999999999,9,,,,
669,0.6080000000000001,0.001,0.6000399999999999,12,,,,
670,0.6080000000000001,0.001,0.6000399999999999,16,,,,
671,0.6080000000000001,0.001,0.6000399999999999,20,,,,
672,0.6080000000000001,0.001,0.80002,2,,,,
673,0.6080000000000001,0.001,0.80002,5,,,,
674,0.6080000000000001,0.001,0.80002,9,,,,
675,0.6080000000000001,0.001,0.80002,12,,,,
676,0.6080000000000001,0.001,0.80002,16,,,,
677,0.6080000000000001,0.001,0.80002,20,,,,
678,0.6080000000000001,0.001,1.0,2,,,,
679,0.6080000000000001,0.001,1.0,5,,,,
680,0.6080000000000001,0.001,1.0,9,,,,
681,0.6080000000000001,0.001,1.0,12,,,,
682,0.6080000000000001,0.001,1.0,16,,,,
683,0.6080000000000001,0.001,1.0,20,,,,
684,0.6080000000000001,20.0008,0.0001,2,,,,
685,0.6080000000000001,20.0008,0.0001,5,,,,
686,0.6080000000000001,20.0008,0.0001,9,,,,
687,0.6080000000000001,20.0008,0.0001,12,,,,
688,0.6080000000000001,20.0008,0.0001,16,,,,
689,0.6080000000000001,20.0008,0.0001,20,,,,
690,0.6080000000000001,20.0008,0.20007999999999998,2,,,,
691,0.6080000000000001,20.0008,0.20007999999999998,5,-1.5212254310742908,17702188.577307336,9.0,17702188.577309623
692,0.6080000000000001,20.0008,0.20007999999999998,9,,,,
693,0.6080000000000001,20.0008,0.20007999999999998,12,,,,
694,0.6080000000000001,20.0008,0.20007999999999998,16,,,,
695,0.6080000000000001,20.0008,0.20007999999999998,20,,,,
696,0.6080000000000001,20.0008,0.40005999999999997,2,,,,
697,0.6080000000000001,20.0008,0.40005999999999997,5,,,,
698,0.6080000000000001,20.0008,0.40005999999999997,9,,,,
699,0.6080000000000001,20.0008,0.40005999999999997,12,,,,
700,0.6080000000000001,20.0008,0.40005999999999997,16,,,,
701,0.6080000000000001,20.0008,0.40005999999999997,20,,,,
702,0.6080000000000001,20.0008,0.6000399999999999,2,,,,
703,0.6080000000000001,20.0008,0.6000399999999999,5,,,,
704,0.6080000000000001,20.0008,0.6000399999999999,9,,,,
705,0.6080000000000001,20.0008,0.6000399999999999,12,,,,
706,0.6080000000000001,20.0008,0.6000399999999999,16,,,,
707,0.6080000000000001,20.0008,0.6000399999999999,20,,,,
708,0.6080000000000001,20.0008,0.80002,2,,,,
709,0.6080000000000001,20.0008,0.80002,5,,,,
710,0.6080000000000001,20.0008,0.80002,9,,,,
711,0.6080000000000001,20.0008,0.80002,12,,,,
712,0.6080000000000001,20.0008,0.80002,16,,,,
713,0.6080000000000001,20.0008,0.80002,20,,,,
714,0.6080000000000001,20.0008,1.0,2,,,,
715,0.6080000000000001,20.0008,1.0,5,,,,
716,0.6080000000000001,20.0008,1.0,9,,,,
717,0.6080000000000001,20.0008,1.0,12,,,,
718,0.6080000000000001,20.0008,1.0,16,,,,
719,0.6080000000000001,20.0008,1.0,20,,,,
720,0.6080000000000001,40.0006,0.0001,2,,,,
721,0.6080000000000001,40.0006,0.0001,5,,,,
722,0.6080000000000001,40.0006,0.0001,9,,,,
723,0.6080000000000001,40.0006,0.0001,12,,,,
724,0.6080000000000001,40.0006,0.0001,16,,,,
725,0.6080000000000001,40.0006,0.0001,20,,,,
726,0.6080000000000001,40.0006,0.20007999999999998,2,,,,
727,0.6080000000000001,40.0006,0.20007999999999998,5,,,,
728,0.6080000000000001,40.0006,0.20007999999999998,9,,,,
729,0.6080000000000001,40.0006,0.20007999999999998,12,,,,
730,0.6080000000000001,40.0006,0.20007999999999998,16,,,,
731,0.6080000000000001,40.0006,0.20007999999999998,20,,,,
732,0.6080000000000001,40.0006,0.40005999999999997,2,,,,
733,0.6080000000000001,40.0006,0.40005999999999997,5,,,,
734,0.6080000000000001,40.0006,0.40005999999999997,9,,,,
735,0.6080000000000001,40.0006,0.40005999999999997,12,,,,
736,0.6080000000000001,40.0006,0.40005999999999997,16,,,,
737,0.6080000000000001,40.0006,0.40005999999999997,20,,,,
738,0.6080000000000001,40.0006,0.6000399999999999,2,,,,
739,0.6080000000000001,40.0006,0.6000399999999999,5,,,,
740,0.6080000000000001,40.0006,0.6000399999999999,9,,,,
741,0.6080000000000001,40.0006,0.6000399999999999,12,,,,
742,0.6080000000000001,40.0006,0.6000399999999999,16,,,,
743,0.6080000000000001,40.0006,0.6000399999999999,20,,,,
744,0.6080000000000001,40.0006,0.80002,2,,,,
745,0.6080000000000001,40.0006,0.80002,5,,,,
746,0.6080000000000001,40.0006,0.80002,9,,,,
747,0.6080000000000001,40.0006,0.80002,12,,,,
748,0.6080000000000001,40.0006,0.80002,16,,,,
749,0.6080000000000001,40.0006,0.80002,20,,,,
750,0.6080000000000001,40.0006,1.0,2,,,,
751,0.6080000000000001,40.0006,1.0,5,,,,
752,0.6080000000000001,40.0006,1.0,9,,,,
753,0.6080000000000001,40.0006,1.0,12,,,,
754,0.6080000000000001,40.0006,1.0,16,,,,
755,0.6080000000000001,40.0006,1.0,20,,,,
756,0.6080000000000001,60.0004,0.0001,2,,,,
757,0.6080000000000001,60.0004,0.0001,5,,,,
758,0.6080000000000001,60.0004,0.0001,9,,,,
759,0.6080000000000001,60.0004,0.0001,12,,,,
760,0.6080000000000001,60.0004,0.0001,16,,,,
761,0.6080000000000001,60.0004,0.0001,20,,,,
762,0.6080000000000001,60.0004,0.20007999999999998,2,,,,
763,0.6080000000000001,60.0004,0.20007999999999998,5,,,,
764,0.6080000000000001,60.0004,0.20007999999999998,9,,,,
765,0.6080000000000001,60.0004,0.20007999999999998,12,,,,
766,0.6080000000000001,60.0004,0.20007999999999998,16,,,,
767,0.6080000000000001,60.0004,0.20007999999999998,20,,,,
768,0.6080000000000001,60.0004,0.40005999999999997,2,,,,
769,0.6080000000000001,60.0004,0.40005999999999997,5,,,,
770,0.6080000000000001,60.0004,0.40005999999999997,9,,,,
771,0.6080000000000001,60.0004,0.40005999999999997,12,,,,
772,0.6080000000000001,60.0004,0.40005999999999997,16,,,,
773,0.6080000000000001,60.0004,0.40005999999999997,20,,,,
774,0.6080000000000001,60.0004,0.6000399999999999,2,,,,
775,0.6080000000000001,60.0004,0.6000399999999999,5,,,,
776,0.6080000000000001,60.0004,0.6000399999999999,9,,,,
777,0.6080000000000001,60.0004,0.6000399999999999,12,,,,
778,0.6080000000000001,60.0004,0.6000399999999999,16,,,,
779,0.6080000000000001,60.0004,0.6000399999999999,20,,,,
780,0.6080000000000001,60.0004,0.80002,2,,,,
781,0.6080000000000001,60.0004,0.80002,5,,,,
782,0.6080000000000001,60.0004,0.80002,9,,,,
783,0.6080000000000001,60.0004,0.80002,12,,,,
784,0.6080000000000001,60.0004,0.80002,16,,,,
785,0.6080000000000001,60.0004,0.80002,20,,,,
786,0.6080000000000001,60.0004,1.0,2,,,,
787,0.6080000000000001,60.0004,1.0,5,,,,
788,0.6080000000000001,60.0004,1.0,9,,,,
789,0.6080000000000001,60.0004,1.0,12,,,,
790,0.6080000000000001,60.0004,1.0,16,,,,
791,0.6080000000000001,60.0004,1.0,20,,,,
792,0.6080000000000001,80.0002,0.0001,2,,,,
793,0.6080000000000001,80.0002,0.0001,5,,,,
794,0.6080000000000001,80.0002,0.0001,9,,,,
795,0.6080000000000001,80.0002,0.0001,12,,,,
796,0.6080000000000001,80.0002,0.0001,16,,,,
797,0.6080000000000001,80.0002,0.0001,20,,,,
798,0.6080000000000001,80.0002,0.20007999999999998,2,,,,
799,0.6080000000000001,80.0002,0.20007999999999998,5,,,,
800,0.6080000000000001,80.0002,0.20007999999999998,9,,,,
801,0.6080000000000001,80.0002,0.20007999999999998,12,,,,
802,0.6080000000000001,80.0002,0.20007999999999998,16,,,,
803,0.6080000000000001,80.0002,0.20007999999999998,20,,,,
804,0.6080000000000001,80.0002,0.40005999999999997,2,,,,
805,0.6080000000000001,80.0002,0.40005999999999997,5,,,,
806,0.6080000000000001,80.0002,0.40005999999999997,9,,,,
807,0.6080000000000001,80.0002,0.40005999999999997,12,,,,
808,0.6080000000000001,80.0002,0.40005999999999997,16,,,,
809,0.6080000000000001,80.0002,0.40005999999999997,20,,,,
810,0.6080000000000001,80.0002,0.6000399999999999,2,,,,
811,0.6080000000000001,80.0002,0.6000399999999999,5,,,,
812,0.6080000000000001,80.0002,0.6000399999999999,9,,,,
813,0.6080000000000001,80.0002,0.6000399999999999,12,,,,
814,0.6080000000000001,80.0002,0.6000399999999999,16,,,,
815,0.6080000000000001,80.0002,0.6000399999999999,20,,,,
816,0.6080000000000001,80.0002,0.80002,2,,,,
817,0.6080000000000001,80.0002,0.80002,5,,,,
818,0.6080000000000001,80.0002,0.80002,9,,,,
819,0.6080000000000001,80.0002,0.80002,12,,,,
820,0.6080000000000001,80.0002,0.80002,16,,,,
821,0.6080000000000001,80.0002,0.80002,20,,,,
822,0.6080000000000001,80.0002,1.0,2,,,,
823,0.6080000000000001,80.0002,1.0,5,,,,
824,0.6080000000000001,80.0002,1.0,9,,,,
825,0.6080000000000001,80.0002,1.0,12,,,,
826,0.6080000000000001,80.0002,1.0,16,,,,
827,0.6080000000000001,80.0002,1.0,20,,,,
828,0.6080000000000001,100.0,0.0001,2,,,,
829,0.6080000000000001,100.0,0.0001,5,,,,
830,0.6080000000000001,100.0,0.0001,9,,,,
831,0.6080000000000001,100.0,0.0001,12,,,,
832,0.6080000000000001,100.0,0.0001,16,-0.003190890771369137,7043667.77702411,14.0,7043667.777038023
833,0.6080000000000001,100.0,0.0001,20,-0.003190890771369137,7043667.77702411,14.0,7043667.777038023
834,0.6080000000000001,100.0,0.20007999999999998,2,,,,
835,0.6080000000000001,100.0,0.20007999999999998,5,,,,
836,0.6080000000000001,100.0,0.20007999999999998,9,,,,
837,0.6080000000000001,100.0,0.20007999999999998,12,,,,
838,0.6080000000000001,100.0,0.20007999999999998,16,-0.003190890771369137,7043667.77702411,14.0,7043667.777038023
839,0.6080000000000001,100.0,0.20007999999999998,20,-0.003190890771369137,7043667.77702411,14.0,7043667.777038023
840,0.6080000000000001,100.0,0.40005999999999997,2,,,,
841,0.6080000000000001,100.0,0.40005999999999997,5,,,,
842,0.6080000000000001,100.0,0.40005999999999997,9,,,,
843,0.6080000000000001,100.0,0.40005999999999997,12,,,,
844,0.6080000000000001,100.0,0.40005999999999997,16,-0.003190890771369137,7043667.77702411,14.0,7043667.777038023
845,0.6080000000000001,100.0,0.40005999999999997,20,-0.003190890771369137,7043667.77702411,14.0,7043667.777038023
846,0.6080000000000001,100.0,0.6000399999999999,2,,,,
847,0.6080000000000001,100.0,0.6000399999999999,5,,,,
848,0.6080000000000001,100.0,0.6000399999999999,9,,,,
849,0.6080000000000001,100.0,0.6000399999999999,12,,,,
850,0.6080000000000001,100.0,0.6000399999999999,16,-0.003190890771369137,7043667.77702411,14.0,7043667.777038023
851,0.6080000000000001,100.0,0.6000399999999999,20,-0.003190890771369137,7043667.77702411,14.0,7043667.777038023
852,0.6080000000000001,100.0,0.80002,2,,,,
853,0.6080000000000001,100.0,0.80002,5,,,,
854,0.6080000000000001,100.0,0.80002,9,,,,
855,0.6080000000000001,100.0,0.80002,12,,,,
856,0.6080000000000001,100.0,0.80002,16,-0.003190890771369137,7043667.77702411,14.0,7043667.777038023
857,0.6080000000000001,100.0,0.80002,20,-0.003190890771369137,7043667.77702411,14.0,7043667.777038023
858,0.6080000000000001,100.0,1.0,2,,,,
859,0.6080000000000001,100.0,1.0,5,,,,
860,0.6080000000000001,100.0,1.0,9,,,,
861,0.6080000000000001,100.0,1.0,12,,,,
862,0.6080000000000001,100.0,1.0,16,-0.003190890771369137,7043667.77702411,14.0,7043667.777038023
863,0.6080000000000001,100.0,1.0,20,-0.003190890771369137,7043667.77702411,14.0,7043667.777038023
864,0.804,0.001,0.0001,2,0.04606610312145021,6697821.434251648,1961.0,6697821.721324165
865,0.804,0.001,0.0001,5,0.38425950961321786,4323276.348543754,1961.0,4323276.793289878
866,0.804,0.001,0.0001,9,0.4383661502973706,3943379.356838668,1952.0,3943379.8399653756
867,0.804,0.001,0.0001,12,0.9209038118027285,555355.1943261488,1958.0,555358.6459478546
868,0.804,0.001,0.0001,16,0.4857027312180535,3611016.7399401693,1957.0,3611017.270240774
869,0.804,0.001,0.0001,20,0.4367398035748129,3954798.3660315643,1957.0,3954798.8502343493
870,0.804,0.001,0.20007999999999998,2,,,,
871,0.804,0.001,0.20007999999999998,5,,,,
872,0.804,0.001,0.20007999999999998,9,,,,
873,0.804,0.001,0.20007999999999998,12,,,,
874,0.804,0.001,0.20007999999999998,16,,,,
875,0.804,0.001,0.20007999999999998,20,,,,
876,0.804,0.001,0.40005999999999997,2,,,,
877,0.804,0.001,0.40005999999999997,5,,,,
878,0.804,0.001,0.40005999999999997,9,,,,
879,0.804,0.001,0.40005999999999997,12,,,,
880,0.804,0.001,0.40005999999999997,16,,,,
881,0.804,0.001,0.40005999999999997,20,,,,
882,0.804,0.001,0.6000399999999999,2,,,,
883,0.804,0.001,0.6000399999999999,5,,,,
884,0.804,0.001,0.6000399999999999,9,,,,
885,0.804,0.001,0.6000399999999999,12,,,,
886,0.804,0.001,0.6000399999999999,16,,,,
887,0.804,0.001,0.6000399999999999,20,,,,
888,0.804,0.001,0.80002,2,,,,
889,0.804,0.001,0.80002,5,,,,
890,0.804,0.001,0.80002,9,,,,
891,0.804,0.001,0.80002,12,,,,
892,0.804,0.001,0.80002,16,,,,
893,0.804,0.001,0.80002,20,,,,
894,0.804,0.001,1.0,2,,,,
895,0.804,0.001,1.0,5,,,,
896,0.804,0.001,1.0,9,,,,
897,0.804,0.001,1.0,12,,,,
898,0.804,0.001,1.0,16,,,,
899,0.804,0.001,1.0,20,,,,
900,0.804,20.0008,0.0001,2,,,,
901,0.804,20.0008,0.0001,5,,,,
902,0.804,20.0008,0.0001,9,,,,
903,0.804,20.0008,0.0001,12,,,,
904,0.804,20.0008,0.0001,16,,,,
905,0.804,20.0008,0.0001,20,,,,
906,0.804,20.0008,0.20007999999999998,2,,,,
907,0.804,20.0008,0.20007999999999998,5,-2.293784367501764,23126528.587195225,9.0,23126528.587196976
908,0.804,20.0008,0.20007999999999998,9,,,,
909,0.804,20.0008,0.20007999999999998,12,,,,
910,0.804,20.0008,0.20007999999999998,16,,,,
911,0.804,20.0008,0.20007999999999998,20,-0.08526747457576844,7619949.114812912,27.0,7619949.114860747
912,0.804,20.0008,0.40005999999999997,2,,,,
913,0.804,20.0008,0.40005999999999997,5,,,,
914,0.804,20.0008,0.40005999999999997,9,,,,
915,0.804,20.0008,0.40005999999999997,12,,,,
916,0.804,20.0008,0.40005999999999997,16,,,,
917,0.804,20.0008,0.40005999999999997,20,,,,
918,0.804,20.0008,0.6000399999999999,2,,,,
919,0.804,20.0008,0.6000399999999999,5,,,,
920,0.804,20.0008,0.6000399999999999,9,,,,
921,0.804,20.0008,0.6000399999999999,12,,,,
922,0.804,20.0008,0.6000399999999999,16,,,,
923,0.804,20.0008,0.6000399999999999,20,,,,
924,0.804,20.0008,0.80002,2,,,,
925,0.804,20.0008,0.80002,5,,,,
926,0.804,20.0008,0.80002,9,,,,
927,0.804,20.0008,0.80002,12,,,,
928,0.804,20.0008,0.80002,16,,,,
929,0.804,20.0008,0.80002,20,,,,
930,0.804,20.0008,1.0,2,,,,
931,0.804,20.0008,1.0,5,,,,
932,0.804,20.0008,1.0,9,,,,
933,0.804,20.0008,1.0,12,,,,
934,0.804,20.0008,1.0,16,,,,
935,0.804,20.0008,1.0,20,,,,
936,0.804,40.0006,0.0001,2,,,,
937,0.804,40.0006,0.0001,5,,,,
938,0.804,40.0006,0.0001,9,,,,
939,0.804,40.0006,0.0001,12,,,,
940,0.804,40.0006,0.0001,16,,,,
941,0.804,40.0006,0.0001,20,,,,
942,0.804,40.0006,0.20007999999999998,2,,,,
943,0.804,40.0006,0.20007999999999998,5,,,,
944,0.804,40.0006,0.20007999999999998,9,,,,
945,0.804,40.0006,0.20007999999999998,12,,,,
946,0.804,40.0006,0.20007999999999998,16,,,,
947,0.804,40.0006,0.20007999999999998,20,,,,
948,0.804,40.0006,0.40005999999999997,2,,,,
949,0.804,40.0006,0.40005999999999997,5,,,,
950,0.804,40.0006,0.40005999999999997,9,,,,
951,0.804,40.0006,0.40005999999999997,12,,,,
952,0.804,40.0006,0.40005999999999997,16,,,,
953,0.804,40.0006,0.40005999999999997,20,,,,
954,0.804,40.0006,0.6000399999999999,2,,,,
955,0.804,40.0006,0.6000399999999999,5,,,,
956,0.804,40.0006,0.6000399999999999,9,,,,
957,0.804,40.0006,0.6000399999999999,12,,,,
958,0.804,40.0006,0.6000399999999999,16,,,,
959,0.804,40.0006,0.6000399999999999,20,,,,
960,0.804,40.0006,0.80002,2,,,,
961,0.804,40.0006,0.80002,5,,,,
962,0.804,40.0006,0.80002,9,,,,
963,0.804,40.0006,0.80002,12,,,,
964,0.804,40.0006,0.80002,16,,,,
965,0.804,40.0006,0.80002,20,,,,
966,0.804,40.0006,1.0,2,,,,
967,0.804,40.0006,1.0,5,,,,
968,0.804,40.0006,1.0,9,,,,
969,0.804,40.0006,1.0,12,,,,
970,0.804,40.0006,1.0,16,,,,
971,0.804,40.0006,1.0,20,,,,
972,0.804,60.0004,0.0001,2,,,,
973,0.804,60.0004,0.0001,5,,,,
974,0.804,60.0004,0.0001,9,,,,
975,0.804,60.0004,0.0001,12,,,,
976,0.804,60.0004,0.0001,16,,,,
977,0.804,60.0004,0.0001,20,,,,
978,0.804,60.0004,0.20007999999999998,2,,,,
979,0.804,60.0004,0.20007999999999998,5,,,,
980,0.804,60.0004,0.20007999999999998,9,,,,
981,0.804,60.0004,0.20007999999999998,12,,,,
982,0.804,60.0004,0.20007999999999998,16,,,,
983,0.804,60.0004,0.20007999999999998,20,,,,
984,0.804,60.0004,0.40005999999999997,2,,,,
985,0.804,60.0004,0.40005999999999997,5,,,,
986,0.804,60.0004,0.40005999999999997,9,,,,
987,0.804,60.0004,0.40005999999999997,12,,,,
988,0.804,60.0004,0.40005999999999997,16,,,,
989,0.804,60.0004,0.40005999999999997,20,,,,
990,0.804,60.0004,0.6000399999999999,2,,,,
991,0.804,60.0004,0.6000399999999999,5,,,,
992,0.804,60.0004,0.6000399999999999,9,,,,
993,0.804,60.0004,0.6000399999999999,12,,,,
994,0.804,60.0004,0.6000399999999999,16,,,,
995,0.804,60.0004,0.6000399999999999,20,,,,
996,0.804,60.0004,0.80002,2,,,,
997,0.804,60.0004,0.80002,5,,,,
998,0.804,60.0004,0.80002,9,,,,
999,0.804,60.0004,0.80002,12,,,,
1000,0.804,60.0004,0.80002,16,,,,
1001,0.804,60.0004,0.80002,20,,,,
1002,0.804,60.0004,1.0,2,,,,
1003,0.804,60.0004,1.0,5,,,,
1004,0.804,60.0004,1.0,9,,,,
1005,0.804,60.0004,1.0,12,,,,
1006,0.804,60.0004,1.0,16,,,,
1007,0.804,60.0004,1.0,20,,,,
1008,0.804,80.0002,0.0001,2,,,,
1009,0.804,80.0002,0.0001,5,,,,
1010,0.804,80.0002,0.0001,9,,,,
1011,0.804,80.0002,0.0001,12,,,,
1012,0.804,80.0002,0.0001,16,,,,
1013,0.804,80.0002,0.0001,20,,,,
1014,0.804,80.0002,0.20007999999999998,2,,,,
1015,0.804,80.0002,0.20007999999999998,5,,,,
1016,0.804,80.0002,0.20007999999999998,9,,,,
1017,0.804,80.0002,0.20007999999999998,12,,,,
1018,0.804,80.0002,0.20007999999999998,16,,,,
1019,0.804,80.0002,0.20007999999999998,20,,,,
1020,0.804,80.0002,0.40005999999999997,2,,,,
1021,0.804,80.0002,0.40005999999999997,5,,,,
1022,0.804,80.0002,0.40005999999999997,9,,,,
1023,0.804,80.0002,0.40005999999999997,12,,,,
1024,0.804,80.0002,0.40005999999999997,16,,,,
1025,0.804,80.0002,0.40005999999999997,20,,,,
1026,0.804,80.0002,0.6000399999999999,2,,,,
1027,0.804,80.0002,0.6000399999999999,5,,,,
1028,0.804,80.0002,0.6000399999999999,9,,,,
1029,0.804,80.0002,0.6000399999999999,12,,,,
1030,0.804,80.0002,0.6000399999999999,16,,,,
1031,0.804,80.0002,0.6000399999999999,20,,,,
1032,0.804,80.0002,0.80002,2,,,,
1033,0.804,80.0002,0.80002,5,,,,
1034,0.804,80.0002,0.80002,9,,,,
1035,0.804,80.0002,0.80002,12,,,,
1036,0.804,80.0002,0.80002,16,,,,
1037,0.804,80.0002,0.80002,20,,,,
1038,0.804,80.0002,1.0,2,,,,
1039,0.804,80.0002,1.0,5,,,,
1040,0.804,80.0002,1.0,9,,,,
1041,0.804,80.0002,1.0,12,,,,
1042,0.804,80.0002,1.0,16,,,,
1043,0.804,80.0002,1.0,20,,,,
1044,0.804,100.0,0.0001,2,,,,
1045,0.804,100.0,0.0001,5,,,,
1046,0.804,100.0,0.0001,9,,,,
1047,0.804,100.0,0.0001,12,,,,
1048,0.804,100.0,0.0001,16,-0.003189798955362644,7043660.111096025,14.0,7043660.1111099385
1049,0.804,100.0,0.0001,20,-0.003189798955362644,7043660.111096025,14.0,7043660.1111099385
1050,0.804,100.0,0.20007999999999998,2,,,,
1051,0.804,100.0,0.20007999999999998,5,,,,
1052,0.804,100.0,0.20007999999999998,9,,,,
1053,0.804,100.0,0.20007999999999998,12,,,,
1054,0.804,100.0,0.20007999999999998,16,-0.003189798955362644,7043660.111096025,14.0,7043660.1111099385
1055,0.804,100.0,0.20007999999999998,20,-0.003189798955362644,7043660.111096025,14.0,7043660.1111099385
1056,0.804,100.0,0.40005999999999997,2,,,,
1057,0.804,100.0,0.40005999999999997,5,,,,
1058,0.804,100.0,0.40005999999999997,9,,,,
1059,0.804,100.0,0.40005999999999997,12,,,,
1060,0.804,100.0,0.40005999999999997,16,-0.003189798955362644,7043660.111096025,14.0,7043660.1111099385
1061,0.804,100.0,0.40005999999999997,20,-0.003189798955362644,7043660.111096025,14.0,7043660.1111099385
1062,0.804,100.0,0.6000399999999999,2,,,,
1063,0.804,100.0,0.6000399999999999,5,,,,
1064,0.804,100.0,0.6000399999999999,9,,,,
1065,0.804,100.0,0.6000399999999999,12,,,,
1066,0.804,100.0,0.6000399999999999,16,-0.003189798955362644,7043660.111096025,14.0,7043660.1111099385
1067,0.804,100.0,0.6000399999999999,20,-0.003189798955362644,7043660.111096025,14.0,7043660.1111099385
1068,0.804,100.0,0.80002,2,,,,
1069,0.804,100.0,0.80002,5,,,,
1070,0.804,100.0,0.80002,9,,,,
1071,0.804,100.0,0.80002,12,,,,
1072,0.804,100.0,0.80002,16,-0.003189798955362644,7043660.111096025,14.0,7043660.1111099385
1073,0.804,100.0,0.80002,20,-0.003189798955362644,7043660.111096025,14.0,7043660.1111099385
1074,0.804,100.0,1.0,2,,,,
1075,0.804,100.0,1.0,5,,,,
1076,0.804,100.0,1.0,9,,,,
1077,0.804,100.0,1.0,12,,,,
1078,0.804,100.0,1.0,16,-0.003189798955362644,7043660.111096025,14.0,7043660.1111099385
1079,0.804,100.0,1.0,20,-0.003189798955362644,7043660.111096025,14.0,7043660.1111099385
1080,1.0,0.001,0.0001,2,0.05272031736686322,6651100.441374818,1961.0,6651100.73046389
1081,1.0,0.001,0.0001,5,0.43541813262395435,3964078.1662909477,1961.0,3964078.651336979
1082,1.0,0.001,0.0001,9,-1.8757655216108753,20191508.042175647,1961.0,20191508.13740184
1083,1.0,0.001,0.0001,12,-0.020183828287717365,7162979.672219701,1957.0,7162979.939555999
1084,1.0,0.001,0.0001,16,0.45229155709865476,3845605.403675339,1917.0,3845605.881479012
1085,1.0,0.001,0.0001,20,0.34389362048217587,4606695.900274957,1942.0,4606696.309609967
1086,1.0,0.001,0.20007999999999998,2,,,,
1087,1.0,0.001,0.20007999999999998,5,,,,
1088,1.0,0.001,0.20007999999999998,9,,,,
1089,1.0,0.001,0.20007999999999998,12,,,,
1090,1.0,0.001,0.20007999999999998,16,,,,
1091,1.0,0.001,0.20007999999999998,20,,,,
1092,1.0,0.001,0.40005999999999997,2,,,,
1093,1.0,0.001,0.40005999999999997,5,,,,
1094,1.0,0.001,0.40005999999999997,9,,,,
1095,1.0,0.001,0.40005999999999997,12,,,,
1096,1.0,0.001,0.40005999999999997,16,,,,
1097,1.0,0.001,0.40005999999999997,20,,,,
1098,1.0,0.001,0.6000399999999999,2,,,,
1099,1.0,0.001,0.6000399999999999,5,,,,
1100,1.0,0.001,0.6000399999999999,9,,,,
1101,1.0,0.001,0.6000399999999999,12,,,,
1102,1.0,0.001,0.6000399999999999,16,,,,
1103,1.0,0.001,0.6000399999999999,20,,,,
1104,1.0,0.001,0.80002,2,,,,
1105,1.0,0.001,0.80002,5,,,,
1106,1.0,0.001,0.80002,9,,,,
1107,1.0,0.001,0.80002,12,,,,
1108,1.0,0.001,0.80002,16,,,,
1109,1.0,0.001,0.80002,20,,,,
1110,1.0,0.001,1.0,2,,,,
1111,1.0,0.001,1.0,5,,,,
1112,1.0,0.001,1.0,9,,,,
1113,1.0,0.001,1.0,12,,,,
1114,1.0,0.001,1.0,16,,,,
1115,1.0,0.001,1.0,20,,,,
1116,1.0,20.0008,0.0001,2,,,,
1117,1.0,20.0008,0.0001,5,,,,
1118,1.0,20.0008,0.0001,9,,,,
1119,1.0,20.0008,0.0001,12,,,,
1120,1.0,20.0008,0.0001,16,,,,
1121,1.0,20.0008,0.0001,20,,,,
1122,1.0,20.0008,0.20007999999999998,2,,,,
1123,1.0,20.0008,0.20007999999999998,5,-1.7658529698619234,19419783.033339787,9.0,19419783.033341873
1124,1.0,20.0008,0.20007999999999998,9,,,,
1125,1.0,20.0008,0.20007999999999998,12,,,,
1126,1.0,20.0008,0.20007999999999998,16,,,,
1127,1.0,20.0008,0.20007999999999998,20,-0.2426412268874647,8724911.727915324,27.0,8724911.727957102
1128,1.0,20.0008,0.40005999999999997,2,,,,
1129,1.0,20.0008,0.40005999999999997,5,,,,
1130,1.0,20.0008,0.40005999999999997,9,,,,
1131,1.0,20.0008,0.40005999999999997,12,,,,
1132,1.0,20.0008,0.40005999999999997,16,,,,
1133,1.0,20.0008,0.40005999999999997,20,,,,
1134,1.0,20.0008,0.6000399999999999,2,,,,
1135,1.0,20.0008,0.6000399999999999,5,,,,
1136,1.0,20.0008,0.6000399999999999,9,,,,
1137,1.0,20.0008,0.6000399999999999,12,,,,
1138,1.0,20.0008,0.6000399999999999,16,,,,
1139,1.0,20.0008,0.6000399999999999,20,,,,
1140,1.0,20.0008,0.80002,2,,,,
1141,1.0,20.0008,0.80002,5,,,,
1142,1.0,20.0008,0.80002,9,,,,
1143,1.0,20.0008,0.80002,12,,,,
1144,1.0,20.0008,0.80002,16,,,,
1145,1.0,20.0008,0.80002,20,,,,
1146,1.0,20.0008,1.0,2,,,,
1147,1.0,20.0008,1.0,5,,,,
1148,1.0,20.0008,1.0,9,,,,
1149,1.0,20.0008,1.0,12,,,,
1150,1.0,20.0008,1.0,16,,,,
1151,1.0,20.0008,1.0,20,,,,
1152,1.0,40.0006,0.0001,2,,,,
1153,1.0,40.0006,0.0001,5,,,,
1154,1.0,40.0006,0.0001,9,,,,
1155,1.0,40.0006,0.0001,12,,,,
1156,1.0,40.0006,0.0001,16,,,,
1157,1.0,40.0006,0.0001,20,,,,
1158,1.0,40.0006,0.20007999999999998,2,,,,
1159,1.0,40.0006,0.20007999999999998,5,,,,
1160,1.0,40.0006,0.20007999999999998,9,,,,
1161,1.0,40.0006,0.20007999999999998,12,,,,
1162,1.0,40.0006,0.20007999999999998,16,,,,
1163,1.0,40.0006,0.20007999999999998,20,,,,
1164,1.0,40.0006,0.40005999999999997,2,,,,
1165,1.0,40.0006,0.40005999999999997,5,,,,
1166,1.0,40.0006,0.40005999999999997,9,,,,
1167,1.0,40.0006,0.40005999999999997,12,,,,
1168,1.0,40.0006,0.40005999999999997,16,,,,
1169,1.0,40.0006,0.40005999999999997,20,,,,
1170,1.0,40.0006,0.6000399999999999,2,,,,
1171,1.0,40.0006,0.6000399999999999,5,,,,
1172,1.0,40.0006,0.6000399999999999,9,,,,
1173,1.0,40.0006,0.6000399999999999,12,,,,
1174,1.0,40.0006,0.6000399999999999,16,,,,
1175,1.0,40.0006,0.6000399999999999,20,,,,
1176,1.0,40.0006,0.80002,2,,,,
1177,1.0,40.0006,0.80002,5,,,,
1178,1.0,40.0006,0.80002,9,,,,
1179,1.0,40.0006,0.80002,12,,,,
1180,1.0,40.0006,0.80002,16,,,,
1181,1.0,40.0006,0.80002,20,,,,
1182,1.0,40.0006,1.0,2,,,,
1183,1.0,40.0006,1.0,5,,,,
1184,1.0,40.0006,1.0,9,,,,
1185,1.0,40.0006,1.0,12,,,,
1186,1.0,40.0006,1.0,16,,,,
1187,1.0,40.0006,1.0,20,,,,
1188,1.0,60.0004,0.0001,2,,,,
1189,1.0,60.0004,0.0001,5,,,,
1190,1.0,60.0004,0.0001,9,,,,
1191,1.0,60.0004,0.0001,12,,,,
1192,1.0,60.0004,0.0001,16,,,,
1193,1.0,60.0004,0.0001,20,,,,
1194,1.0,60.0004,0.20007999999999998,2,,,,
1195,1.0,60.0004,0.20007999999999998,5,,,,
1196,1.0,60.0004,0.20007999999999998,9,,,,
1197,1.0,60.0004,0.20007999999999998,12,,,,
1198,1.0,60.0004,0.20007999999999998,16,,,,
1199,1.0,60.0004,0.20007999999999998,20,,,,
1200,1.0,60.0004,0.40005999999999997,2,,,,
1201,1.0,60.0004,0.40005999999999997,5,,,,
1202,1.0,60.0004,0.40005999999999997,9,,,,
1203,1.0,60.0004,0.40005999999999997,12,,,,
1204,1.0,60.0004,0.40005999999999997,16,,,,
1205,1.0,60.0004,0.40005999999999997,20,,,,
1206,1.0,60.0004,0.6000399999999999,2,,,,
1207,1.0,60.0004,0.6000399999999999,5,,,,
1208,1.0,60.0004,0.6000399999999999,9,,,,
1209,1.0,60.0004,0.6000399999999999,12,,,,
1210,1.0,60.0004,0.6000399999999999,16,,,,
1211,1.0,60.0004,0.6000399999999999,20,,,,
1212,1.0,60.0004,0.80002,2,,,,
1213,1.0,60.0004,0.80002,5,,,,
1214,1.0,60.0004,0.80002,9,,,,
1215,1.0,60.0004,0.80002,12,,,,
1216,1.0,60.0004,0.80002,16,,,,
1217,1.0,60.0004,0.80002,20,,,,
1218,1.0,60.0004,1.0,2,,,,
1219,1.0,60.0004,1.0,5,,,,
1220,1.0,60.0004,1.0,9,,,,
1221,1.0,60.0004,1.0,12,,,,
1222,1.0,60.0004,1.0,16,,,,
1223,1.0,60.0004,1.0,20,,,,
1224,1.0,80.0002,0.0001,2,,,,
1225,1.0,80.0002,0.0001,5,,,,
1226,1.0,80.0002,0.0001,9,,,,
1227,1.0,80.0002,0.0001,12,,,,
1228,1.0,80.0002,0.0001,16,,,,
1229,1.0,80.0002,0.0001,20,,,,
1230,1.0,80.0002,0.20007999999999998,2,,,,
1231,1.0,80.0002,0.20007999999999998,5,,,,
1232,1.0,80.0002,0.20007999999999998,9,,,,
1233,1.0,80.0002,0.20007999999999998,12,,,,
1234,1.0,80.0002,0.20007999999999998,16,,,,
1235,1.0,80.0002,0.20007999999999998,20,,,,
1236,1.0,80.0002,0.40005999999999997,2,,,,
1237,1.0,80.0002,0.40005999999999997,5,,,,
1238,1.0,80.0002,0.40005999999999997,9,,,,
1239,1.0,80.0002,0.40005999999999997,12,,,,
1240,1.0,80.0002,0.40005999999999997,16,,,,
1241,1.0,80.0002,0.40005999999999997,20,,,,
1242,1.0,80.0002,0.6000399999999999,2,,,,
1243,1.0,80.0002,0.6000399999999999,5,,,,
1244,1.0,80.0002,0.6000399999999999,9,,,,
1245,1.0,80.0002,0.6000399999999999,12,,,,
1246,1.0,80.0002,0.6000399999999999,16,,,,
1247,1.0,80.0002,0.6000399999999999,20,,,,
1248,1.0,80.0002,0.80002,2,,,,
1249,1.0,80.0002,0.80002,5,,,,
1250,1.0,80.0002,0.80002,9,,,,
1251,1.0,80.0002,0.80002,12,,,,
1252,1.0,80.0002,0.80002,16,,,,
1253,1.0,80.0002,0.80002,20,,,,
1254,1.0,80.0002,1.0,2,,,,
1255,1.0,80.0002,1.0,5,,,,
1256,1.0,80.0002,1.0,9,,,,
1257,1.0,80.0002,1.0,12,,,,
1258,1.0,80.0002,1.0,16,,,,
1259,1.0,80.0002,1.0,20,,,,
1260,1.0,100.0,0.0001,2,,,,
1261,1.0,100.0,0.0001,5,,,,
1262,1.0,100.0,0.0001,9,,,,
1263,1.0,100.0,0.0001,12,,,,
1264,1.0,100.0,0.0001,16,-0.0031886108541969715,7043651.769124447,14.0,7043651.769138361
1265,1.0,100.0,0.0001,20,-0.0031886108541969715,7043651.769124447,14.0,7043651.769138361
1266,1.0,100.0,0.20007999999999998,2,,,,
1267,1.0,100.0,0.20007999999999998,5,,,,
1268,1.0,100.0,0.20007999999999998,9,,,,
1269,1.0,100.0,0.20007999999999998,12,,,,
1270,1.0,100.0,0.20007999999999998,16,-0.0031886108541969715,7043651.769124447,14.0,7043651.769138361
1271,1.0,100.0,0.20007999999999998,20,-0.0031886108541969715,7043651.769124447,14.0,7043651.769138361
1272,1.0,100.0,0.40005999999999997,2,,,,
1273,1.0,100.0,0.40005999999999997,5,,,,
1274,1.0,100.0,0.40005999999999997,9,,,,
1275,1.0,100.0,0.40005999999999997,12,,,,
1276,1.0,100.0,0.40005999999999997,16,-0.0031886108541969715,7043651.769124447,14.0,7043651.769138361
1277,1.0,100.0,0.40005999999999997,20,-0.0031886108541969715,7043651.769124447,14.0,7043651.769138361
1278,1.0,100.0,0.6000399999999999,2,,,,
1279,1.0,100.0,0.6000399999999999,5,,,,
1280,1.0,100.0,0.6000399999999999,9,,,,
1281,1.0,100.0,0.6000399999999999,12,,,,
1282,1.0,100.0,0.6000399999999999,16,-0.0031886108541969715,7043651.769124447,14.0,7043651.769138361
1283,1.0,100.0,0.6000399999999999,20,-0.0031886108541969715,7043651.769124447,14.0,7043651.769138361
1284,1.0,100.0,0.80002,2,,,,
1285,1.0,100.0,0.80002,5,,,,
1286,1.0,100.0,0.80002,9,,,,
1287,1.0,100.0,0.80002,12,,,,
1288,1.0,100.0,0.80002,16,-0.0031886108541969715,7043651.769124447,14.0,7043651.769138361
1289,1.0,100.0,0.80002,20,-0.0031886108541969715,7043651.769124447,14.0,7043651.769138361
1290,1.0,100.0,1.0,2,,,,
1291,1.0,100.0,1.0,5,,,,
1292,1.0,100.0,1.0,9,,,,
1293,1.0,100.0,1.0,12,,,,
1294,1.0,100.0,1.0,16,-0.0031886108541969715,7043651.769124447,14.0,7043651.769138361
1295,1.0,100.0,1.0,20,-0.0031886108541969715,7043651.769124447,14.0,7043651.769138361
