,mean_fit_time,std_fit_time,mean_score_time,std_score_time,param_ar__th,param_extract__fs,params,split0_test_score,split1_test_score,split2_test_score,split3_test_score,split4_test_score,mean_test_score,std_test_score,rank_test_score,split0_train_score,split1_train_score,split2_train_score,split3_train_score,split4_train_score,mean_train_score,std_train_score
0,13.048557424545288,3.0570854551744167,1.0969793319702148,0.30994268974745287,0.4614243464826485,250,"{'ar__th': 0.4614243464826485, 'extract__fs': 250}",,,0.21333333333333332,,,,,1,1.3482048553367572,0.7687589897480362,1.0727800992839096,1.8342231401519338,1.730333311727633,1.350860079249654,0.39845124838124274
1,9.287817764282227,0.8704663339494705,0.8189225196838379,0.014171518509918624,0.30783467359786765,250,"{'ar__th': 0.30783467359786765, 'extract__fs': 250}",,,0.21333333333333332,,,,,2,1.3482048553367572,0.7687589897480362,1.0727800992839096,1.8342231401519338,1.730333311727633,1.350860079249654,0.39845124838124274
2,33.507085466384886,11.821991503772223,5.310629034042359,4.6910904495661025,0.200303571717427,250,"{'ar__th': 0.200303571717427, 'extract__fs': 250}",,,0.23997551270278542,,,,,3,1.3677548984903554,0.6791445434339564,1.2300325450407001,1.785766610573444,1.5629984051036687,1.3251394005284247,0.37334302798129043
3,9.860625648498536,1.562831123564244,0.8069231033325195,0.00857363473313108,0.6027419147445963,250,"{'ar__th': 0.6027419147445963, 'extract__fs': 250}",,,0.21333333333333332,,,,,4,1.3482048553367572,0.7687589897480362,1.0727800992839096,1.8342231401519338,1.730333311727633,1.350860079249654,0.39845124838124274
4,53.80070271492004,7.800847505614574,8.00920820236206,4.791610247530251,0.1758008517433806,250,"{'ar__th': 0.1758008517433806, 'extract__fs': 250}",,,0.19089359629900135,,,,,5,1.1082077923982825,0.6286357894649871,1.036324725717468,1.8633672847601381,1.211914712426409,1.1696900609534568,0.3993186994633169
0,9.658838033676147,0.6564996629359363,0.8242973327636719,0.016299850294844022,0.4211406485527517,250,"{'ar__th': 0.4211406485527517, 'extract__fs': 250}",,,0.21333333333333332,,,,,1,1.3482048553367572,0.7687589897480362,1.0727800992839096,1.8342231401519338,1.730333311727633,1.350860079249654,0.39845124838124274
1,8.762881898880005,0.45891912324475287,0.7999426841735839,0.012517712447310213,0.6989290701383128,250,"{'ar__th': 0.6989290701383128, 'extract__fs': 250}",,,0.21333333333333332,,,,,2,1.3482048553367572,0.7687589897480362,1.0727800992839096,1.8342231401519338,1.730333311727633,1.350860079249654,0.39845124838124274
2,9.967039442062378,0.9908117165887329,0.8142199993133545,0.021468806191152504,0.3562718944350731,250,"{'ar__th': 0.3562718944350731, 'extract__fs': 250}",,,0.21333333333333332,,,,,3,1.3482048553367572,0.7687589897480362,1.0727800992839096,1.8342231401519338,1.730333311727633,1.350860079249654,0.39845124838124274
3,10.24846692085266,1.2843864815617663,0.8134194850921631,0.007362069462463383,1.0096161274651039,250,"{'ar__th': 1.0096161274651039, 'extract__fs': 250}",,,0.21333333333333332,,,,,4,1.3482048553367572,0.7687589897480362,1.0727800992839096,1.8342231401519338,1.730333311727633,1.350860079249654,0.39845124838124274
4,269.37687854766847,29.45929904803013,67.26415452957153,14.060609492179676,0.12162911479029695,250,"{'ar__th': 0.12162911479029695, 'extract__fs': 250}",,,0.08333333333333337,,,,,5,0.9759966504654602,0.5723156587415642,1.1298902606310013,1.4495420068695333,1.110454955753357,1.0476399064921833,0.2840077626020714
0,10.210074377059936,1.473097499947839,0.8216514587402344,0.01844551212009982,0.564998943049618,250,"{'ar__th': 0.564998943049618, 'extract__fs': 250}",,,0.21333333333333332,,,,,1,1.3482048553367572,0.7687589897480362,1.0727800992839096,1.8342231401519338,1.730333311727633,1.350860079249654,0.39845124838124274
1,9.060483169555663,1.0343131827453291,0.8194305419921875,0.008197609232283777,0.44511339765461333,250,"{'ar__th': 0.44511339765461333, 'extract__fs': 250}",,,0.21333333333333332,,,,,2,1.3482048553367572,0.7687589897480362,1.0727800992839096,1.8342231401519338,1.730333311727633,1.350860079249654,0.39845124838124274
2,139.37276134490966,23.421589968580165,34.23938302993774,6.770974047622715,0.14375281245712204,250,"{'ar__th': 0.14375281245712204, 'extract__fs': 250}",,,0.12905349794238669,,,,,3,0.9370569566822555,0.5218949905893804,1.2031264675624733,1.3683692166415216,1.202633443806256,1.0466162150563776,0.2965459233700561
3,10.040500497817993,0.8016123925677664,0.8205667495727539,0.0116425239168776,0.6497865023582887,250,"{'ar__th': 0.6497865023582887, 'extract__fs': 250}",,,0.21333333333333332,,,,,4,1.3482048553367572,0.7687589897480362,1.0727800992839096,1.8342231401519338,1.730333311727633,1.350860079249654,0.39845124838124274
4,179.87174592018127,27.75590922492291,41.146708726882935,12.41505858066492,0.1379767572276778,250,"{'ar__th': 0.1379767572276778, 'extract__fs': 250}",,,0.12350346565847486,,,,,5,0.9347071164190038,0.7302995058024404,0.9123978609239869,1.5186602870813402,0.9614694818638461,1.0115068504181235,0.2662730584110363
0,11.965535259246826,2.5546843601553904,1.2848310947418213,0.9568581643472086,0.3008431952676788,250,"{'ar__th': 0.3008431952676788, 'extract__fs': 250}",,,0.21333333333333332,,,,,1,1.3545939375023346,0.7687589897480362,1.1482846381147218,1.8342231401519338,1.730333311727633,1.3672388034489318,0.3888935327895184
1,11.23974552154541,3.3231601932659425,0.8177309513092041,0.01540709074137234,0.2739250486841257,250,"{'ar__th': 0.2739250486841257, 'extract__fs': 250}",,,0.21333333333333332,,,,,2,1.3482048553367572,0.7687589897480362,1.0727800992839096,1.8420071920622885,1.6305172839398365,1.3324536840741656,0.3831231826745229
2,11.281614303588867,1.3366155829042115,0.8351082801818848,0.010265559962613859,0.8393921283594941,250,"{'ar__th': 0.8393921283594941, 'extract__fs': 250}",,,0.21333333333333332,,,,,3,1.3482048553367572,0.7687589897480362,1.0727800992839096,1.8342231401519338,1.730333311727633,1.350860079249654,0.39845124838124274
3,10.199030351638793,0.8887171012797183,0.8218820571899415,0.03030046514804172,0.8220679965180421,250,"{'ar__th': 0.8220679965180421, 'extract__fs': 250}",,,0.21333333333333332,,,,,4,1.3482048553367572,0.7687589897480362,1.0727800992839096,1.8342231401519338,1.730333311727633,1.350860079249654,0.39845124838124274
4,10.490508127212525,1.9263703206883935,0.8165954113006592,0.008353565146923144,0.7049850451883138,250,"{'ar__th': 0.7049850451883138, 'extract__fs': 250}",,,0.21333333333333332,,,,,5,1.3482048553367572,0.7687589897480362,1.0727800992839096,1.8342231401519338,1.730333311727633,1.350860079249654,0.39845124838124274
0,10.187326955795289,1.633656285728485,0.8188748836517334,0.02315876391351528,1.017951235068453,250,"{'ar__th': 1.017951235068453, 'extract__fs': 250}",,,0.21333333333333332,,,,,1,1.3482048553367572,0.7687589897480362,1.0727800992839096,1.8342231401519338,1.730333311727633,1.350860079249654,0.39845124838124274
1,8.776038789749146,0.9248280846782468,0.827701997756958,0.016961026081232067,0.4405623827063757,250,"{'ar__th': 0.4405623827063757, 'extract__fs': 250}",,,0.21333333333333332,,,,,2,1.3482048553367572,0.7687589897480362,1.0727800992839096,1.8342231401519338,1.730333311727633,1.350860079249654,0.39845124838124274
2,9.979389810562134,1.7566588529665061,0.8077964782714844,0.013936374230516734,0.7597005736853343,250,"{'ar__th': 0.7597005736853343, 'extract__fs': 250}",,,0.21333333333333332,,,,,3,1.3482048553367572,0.7687589897480362,1.0727800992839096,1.8342231401519338,1.730333311727633,1.350860079249654,0.39845124838124274
3,15.238716554641723,3.191427225199023,1.7142369270324707,1.1008975535096792,0.24062273328114162,250,"{'ar__th': 0.24062273328114162, 'extract__fs': 250}",,,0.20164609053497948,,,,,4,1.2998129921146395,0.6987127983737924,1.1482846381147218,1.8342231401519338,1.7083692912608792,1.3378805720031934,0.40732027636386225
4,9.15543885231018,1.0055568212639312,0.8143334865570069,0.022885392025444245,1.093739060621352,250,"{'ar__th': 1.093739060621352, 'extract__fs': 250}",,,0.21333333333333332,,,,,5,1.3482048553367572,0.7687589897480362,1.0727800992839096,1.8342231401519338,1.730333311727633,1.350860079249654,0.39845124838124274
0,11.536991262435913,0.796345801156671,0.8454567432403565,0.023048033164837292,1.0584966856442428,250,"{'ar__th': 1.0584966856442428, 'extract__fs': 250}",,,0.21333333333333332,,,,,1,1.3482048553367572,0.7687589897480362,1.0727800992839096,1.8342231401519338,1.730333311727633,1.350860079249654,0.39845124838124274
1,10.27566065788269,1.5789798966639355,0.801576042175293,0.02437452218165783,0.4270666092558765,250,"{'ar__th': 0.4270666092558765, 'extract__fs': 250}",,,0.21333333333333332,,,,,2,1.3482048553367572,0.7687589897480362,1.0727800992839096,1.8342231401519338,1.730333311727633,1.350860079249654,0.39845124838124274
2,9.381764936447144,1.61136753422812,0.8156071186065674,0.01792391779428267,0.3968434792508252,250,"{'ar__th': 0.3968434792508252, 'extract__fs': 250}",,,0.21333333333333332,,,,,3,1.3482048553367572,0.7687589897480362,1.0727800992839096,1.8342231401519338,1.730333311727633,1.350860079249654,0.39845124838124274
3,27.146688365936278,3.872642077559725,5.311619997024536,3.194465084633355,0.20457043689844115,250,"{'ar__th': 0.20457043689844115, 'extract__fs': 250}",,,0.04376655132641288,,,,,4,1.3876882056697553,0.7291419107901707,1.2009076726522916,1.6014798801344357,1.6964552176835783,1.3231345773860463,0.34315544092125844
4,9.620102214813233,1.5538245813298277,0.8141777992248536,0.014160260046644526,0.46522598080642086,250,"{'ar__th': 0.46522598080642086, 'extract__fs': 250}",,,0.21333333333333332,,,,,5,1.3482048553367572,0.7687589897480362,1.0727800992839096,1.8342231401519338,1.730333311727633,1.350860079249654,0.39845124838124274
0,69.77473006248474,15.272802226220676,16.832092237472533,3.854896812508631,0.16686051541119565,250,"{'ar__th': 0.16686051541119565, 'extract__fs': 250}",,,0.20164609053497948,,,,,1,1.4125740429997637,0.6508032462367735,1.183739044520007,1.7492966098669023,1.3649062710038953,1.2722638429254682,0.3605217734424238
1,9.61872239112854,0.2953534398918512,0.8356940269470214,0.02279862600832784,0.8515416708961984,250,"{'ar__th': 0.8515416708961984, 'extract__fs': 250}",,,0.21333333333333332,,,,,2,1.3482048553367572,0.7687589897480362,1.0727800992839096,1.8342231401519338,1.730333311727633,1.350860079249654,0.39845124838124274
2,10.004924106597901,0.6489762951265433,0.8135789394378662,0.018008877816700054,0.6946233042623869,250,"{'ar__th': 0.6946233042623869, 'extract__fs': 250}",,,0.21333333333333332,,,,,3,1.3482048553367572,0.7687589897480362,1.0727800992839096,1.8342231401519338,1.730333311727633,1.350860079249654,0.39845124838124274
3,10.0854061126709,1.3382978918830961,0.813563871383667,0.01564315373200698,1.0034957526880113,250,"{'ar__th': 1.0034957526880113, 'extract__fs': 250}",,,0.21333333333333332,,,,,4,1.3482048553367572,0.7687589897480362,1.0727800992839096,1.8342231401519338,1.730333311727633,1.350860079249654,0.39845124838124274
4,10.82899088859558,2.0828759381381206,0.8238979816436768,0.016140508054790646,0.604678006742567,250,"{'ar__th': 0.604678006742567, 'extract__fs': 250}",,,0.21333333333333332,,,,,5,1.3482048553367572,0.7687589897480362,1.0727800992839096,1.8342231401519338,1.730333311727633,1.350860079249654,0.39845124838124274
0,9.306527137756348,0.5809141817979521,0.7993360996246338,0.02446022979254155,0.7611714817198797,250,"{'ar__th': 0.7611714817198797, 'extract__fs': 250}",,,0.21333333333333332,,,,,1,1.3482048553367572,0.7687589897480362,1.0727800992839096,1.8342231401519338,1.730333311727633,1.350860079249654,0.39845124838124274
1,9.990034294128417,0.6603568727209579,0.8113143444061279,0.012679919034926091,1.0356656737133727,250,"{'ar__th': 1.0356656737133727, 'extract__fs': 250}",,,0.21333333333333332,,,,,2,1.3482048553367572,0.7687589897480362,1.0727800992839096,1.8342231401519338,1.730333311727633,1.350860079249654,0.39845124838124274
2,9.775591468811035,2.1049658321997455,0.7978693962097168,0.012696057643114843,1.0923882306941664,250,"{'ar__th': 1.0923882306941664, 'extract__fs': 250}",,,0.21333333333333332,,,,,3,1.3482048553367572,0.7687589897480362,1.0727800992839096,1.8342231401519338,1.730333311727633,1.350860079249654,0.39845124838124274
3,204.77596254348754,20.18574692684492,42.96655302047729,6.129755522049991,0.13093528837560678,250,"{'ar__th': 0.13093528837560678, 'extract__fs': 250}",,,0.13498622589531692,,,,,4,0.7799327088454919,0.7049464948141884,1.0139860975633368,1.2187542242129992,0.9636131730998531,0.936246539707174,0.18140379696683062
4,9.148023319244384,0.8807431986102329,0.8250088691711426,0.012576032213509804,0.45071957244044325,250,"{'ar__th': 0.45071957244044325, 'extract__fs': 250}",,,0.21333333333333332,,,,,5,1.3482048553367572,0.7687589897480362,1.0727800992839096,1.8342231401519338,1.730333311727633,1.350860079249654,0.39845124838124274
0,9.875088930130005,1.455410369330967,0.8280698776245117,0.03352907388305579,1.087294710341963,250,"{'ar__th': 1.087294710341963, 'extract__fs': 250}",,,0.21333333333333332,,,,,1,1.3482048553367572,0.7687589897480362,1.0727800992839096,1.8342231401519338,1.730333311727633,1.350860079249654,0.39845124838124274
1,9.321588134765625,0.9823931934794538,0.8143443107604981,0.025823489175185444,0.9536267562273091,250,"{'ar__th': 0.9536267562273091, 'extract__fs': 250}",,,0.21333333333333332,,,,,2,1.3482048553367572,0.7687589897480362,1.0727800992839096,1.8342231401519338,1.730333311727633,1.350860079249654,0.39845124838124274
2,18.63446660041809,3.72207104164971,0.8101511001586914,0.029634396550002894,0.24314028175796035,250,"{'ar__th': 0.24314028175796035, 'extract__fs': 250}",,,0.1809787626962142,,,,,3,1.2917548207141594,0.6892668002107352,0.9572843491735537,1.7217904357511054,1.623108275739855,1.2566409363178819,0.39074880144497537
3,11.346772909164429,1.5959338135988432,0.8081049442291259,0.01890134133683548,0.7516617128469396,250,"{'ar__th': 0.7516617128469396, 'extract__fs': 250}",,,0.21333333333333332,,,,,4,1.3482048553367572,0.7687589897480362,1.0727800992839096,1.8342231401519338,1.730333311727633,1.350860079249654,0.39845124838124274
4,8.823437404632568,0.897483550458533,0.7981007099151611,0.00506661373114214,0.9417361642277291,250,"{'ar__th': 0.9417361642277291, 'extract__fs': 250}",,,0.21333333333333332,,,,,5,1.3482048553367572,0.7687589897480362,1.0727800992839096,1.8342231401519338,1.730333311727633,1.350860079249654,0.39845124838124274
0,9.544354915618896,1.0912522897332293,0.818138837814331,0.02158706475158027,0.5772146386344995,250,"{'ar__th': 0.5772146386344995, 'extract__fs': 250}",,,0.21333333333333332,,,,,1,1.3482048553367572,0.7687589897480362,1.0727800992839096,1.8342231401519338,1.730333311727633,1.350860079249654,0.39845124838124274
1,9.990897130966186,1.1510258082165559,0.8010591506958008,0.019019324389828,0.6297763989140257,250,"{'ar__th': 0.6297763989140257, 'extract__fs': 250}",,,0.21333333333333332,,,,,2,1.3482048553367572,0.7687589897480362,1.0727800992839096,1.8342231401519338,1.730333311727633,1.350860079249654,0.39845124838124274
2,248.3088807106018,19.773437837553725,66.18128395080566,13.2553222751463,0.11937307248996057,250,"{'ar__th': 0.11937307248996057, 'extract__fs': 250}",,,0.08639118457300275,,,,,3,0.9370569566822555,0.766225737156287,0.9645245389533676,1.1827585150990407,1.194236699043019,1.0089604893867938,0.16161550621940485
3,10.954116773605346,1.3584009297120894,0.8017203330993652,0.023084429470299463,0.3761944461846132,250,"{'ar__th': 0.3761944461846132, 'extract__fs': 250}",,,0.21333333333333332,,,,,4,1.3482048553367572,0.7687589897480362,1.0727800992839096,1.8342231401519338,1.730333311727633,1.350860079249654,0.39845124838124274
4,11.83914794921875,2.8614600936340495,0.8167251110076904,0.020766529327072833,0.8015492790683211,250,"{'ar__th': 0.8015492790683211, 'extract__fs': 250}",,,0.21333333333333332,,,,,5,1.3482048553367572,0.7687589897480362,1.0727800992839096,1.8342231401519338,1.730333311727633,1.350860079249654,0.39845124838124274
0,9.134772872924804,1.0690884943405057,0.8109951019287109,0.021040876141955513,0.45555359977040855,250,"{'ar__th': 0.45555359977040855, 'extract__fs': 250}",,,0.21333333333333332,,,,,1,1.3482048553367572,0.7687589897480362,1.0727800992839096,1.8342231401519338,1.730333311727633,1.350860079249654,0.39845124838124274
1,134.3985719203949,18.117023101446414,30.358706283569337,12.053622212650655,0.14564372769806203,250,"{'ar__th': 0.14564372769806203, 'extract__fs': 250}",,,0.13498622589531692,,,,,2,0.8869232877362869,0.6876163996054157,1.2275686900219678,1.0941162502215138,1.619229477406063,1.1030908209982495,0.3166454776888649
2,10.475952386856079,1.2950581134470993,0.8145644187927246,0.01258118857733456,0.8076002998171681,250,"{'ar__th': 0.8076002998171681, 'extract__fs': 250}",,,0.21333333333333332,,,,,3,1.3482048553367572,0.7687589897480362,1.0727800992839096,1.8342231401519338,1.730333311727633,1.350860079249654,0.39845124838124274
3,9.56804437637329,0.8552252381778946,0.8095531463623047,0.016336604605778404,0.4537466143439718,250,"{'ar__th': 0.4537466143439718, 'extract__fs': 250}",,,0.21333333333333332,,,,,4,1.3482048553367572,0.7687589897480362,1.0727800992839096,1.8342231401519338,1.730333311727633,1.350860079249654,0.39845124838124274
4,10.49248685836792,2.3022219491439873,0.7956702709197998,0.01033265734888006,0.5899753731500678,250,"{'ar__th': 0.5899753731500678, 'extract__fs': 250}",,,0.21333333333333332,,,,,5,1.3482048553367572,0.7687589897480362,1.0727800992839096,1.8342231401519338,1.730333311727633,1.350860079249654,0.39845124838124274
0,9.800384521484375,0.8103084247166733,0.8129651546478271,0.01704265305185413,0.6891604290141825,250,"{'ar__th': 0.6891604290141825, 'extract__fs': 250}",,,0.21333333333333332,,,,,1,1.3482048553367572,0.7687589897480362,1.0727800992839096,1.8342231401519338,1.730333311727633,1.350860079249654,0.39845124838124274
1,10.47465386390686,1.0617622344970472,0.8146785259246826,0.009925993060167925,1.0399459768060966,250,"{'ar__th': 1.0399459768060966, 'extract__fs': 250}",,,0.21333333333333332,,,,,2,1.3482048553367572,0.7687589897480362,1.0727800992839096,1.8342231401519338,1.730333311727633,1.350860079249654,0.39845124838124274
2,9.365880298614503,1.2222529048310364,0.8212014198303222,0.01834100071125173,1.0617810300421846,250,"{'ar__th': 1.0617810300421846, 'extract__fs': 250}",,,0.21333333333333332,,,,,3,1.3482048553367572,0.7687589897480362,1.0727800992839096,1.8342231401519338,1.730333311727633,1.350860079249654,0.39845124838124274
3,177.39900770187378,34.65235338950156,35.83029770851135,8.107864622390036,0.1420698401313958,250,"{'ar__th': 0.1420698401313958, 'extract__fs': 250}",,,0.10047417659874404,,,,,4,1.0025942826345016,0.5294931449937681,0.876505902967207,1.4271526177958929,1.0555198861487536,0.9782531669080246,0.2897624598916814
4,10.283132219314576,2.239594373000836,0.8256167411804199,0.02224683134906547,0.8651745090888927,250,"{'ar__th': 0.8651745090888927, 'extract__fs': 250}",,,0.21333333333333332,,,,,5,1.3482048553367572,0.7687589897480362,1.0727800992839096,1.8342231401519338,1.730333311727633,1.350860079249654,0.39845124838124274
0,220.53724822998046,29.084960785602927,52.95298986434936,11.162275439865436,0.12838047299195168,250,"{'ar__th': 0.12838047299195168, 'extract__fs': 250}",,,0.09664694280078893,,,,,1,0.8030341748423631,0.581982682928302,1.254118159861587,1.1827585150990407,1.1673792111899275,0.9978545487842438,0.260577632654248
1,8.867187690734863,1.342226882591218,0.7997469425201416,0.01742772827570195,0.9141097897246869,250,"{'ar__th': 0.9141097897246869, 'extract__fs': 250}",,,0.21333333333333332,,,,,2,1.3482048553367572,0.7687589897480362,1.0727800992839096,1.8342231401519338,1.730333311727633,1.350860079249654,0.39845124838124274
2,9.969621467590333,1.2164207537546259,0.813985013961792,0.007951690604383582,0.7766211342314581,250,"{'ar__th': 0.7766211342314581, 'extract__fs': 250}",,,0.21333333333333332,,,,,3,1.3482048553367572,0.7687589897480362,1.0727800992839096,1.8342231401519338,1.730333311727633,1.350860079249654,0.39845124838124274
3,10.93877100944519,1.4386393111207076,0.810584306716919,0.010414505935598131,0.829042666217147,250,"{'ar__th': 0.829042666217147, 'extract__fs': 250}",,,0.21333333333333332,,,,,4,1.3482048553367572,0.7687589897480362,1.0727800992839096,1.8342231401519338,1.730333311727633,1.350860079249654,0.39845124838124274
4,10.101807022094727,1.5414590792729543,0.8011529445648193,0.016510094622837493,0.7773830703956671,250,"{'ar__th': 0.7773830703956671, 'extract__fs': 250}",,,0.21333333333333332,,,,,5,1.3482048553367572,0.7687589897480362,1.0727800992839096,1.8342231401519338,1.730333311727633,1.350860079249654,0.39845124838124274
0,9.948544597625732,1.1014713566386898,0.8252526760101319,0.028542565824856526,0.8798030520133399,250,"{'ar__th': 0.8798030520133399, 'extract__fs': 250}",,,0.21333333333333332,,,,,1,1.3482048553367572,0.7687589897480362,1.0727800992839096,1.8342231401519338,1.730333311727633,1.350860079249654,0.39845124838124274
1,9.335343599319458,0.537017950405011,0.8370278358459473,0.014027984294143602,0.6830185414400206,250,"{'ar__th': 0.6830185414400206, 'extract__fs': 250}",,,0.21333333333333332,,,,,2,1.3482048553367572,0.7687589897480362,1.0727800992839096,1.8342231401519338,1.730333311727633,1.350860079249654,0.39845124838124274
2,10.527923107147217,1.3414209965976873,0.8299546718597413,0.015322452073172973,0.3929939847374665,250,"{'ar__th': 0.3929939847374665, 'extract__fs': 250}",,,0.21333333333333332,,,,,3,1.3482048553367572,0.7687589897480362,1.0727800992839096,1.8342231401519338,1.730333311727633,1.350860079249654,0.39845124838124274
3,9.594630527496339,1.7363170082130768,0.8393508911132812,0.011573004689367394,0.5128530410691052,250,"{'ar__th': 0.5128530410691052, 'extract__fs': 250}",,,0.21333333333333332,,,,,4,1.3482048553367572,0.7687589897480362,1.0727800992839096,1.8342231401519338,1.730333311727633,1.350860079249654,0.39845124838124274
4,10.26725640296936,0.9785298122401931,0.815220308303833,0.010037371870218356,0.9063263114328466,250,"{'ar__th': 0.9063263114328466, 'extract__fs': 250}",,,0.21333333333333332,,,,,5,1.3482048553367572,0.7687589897480362,1.0727800992839096,1.8342231401519338,1.730333311727633,1.350860079249654,0.39845124838124274
0,9.837049436569213,2.405246248472969,0.8143893718719483,0.016504921540992843,0.8014486077853711,250,"{'ar__th': 0.8014486077853711, 'extract__fs': 250}",,,0.21333333333333332,,,,,1,1.3482048553367572,0.7687589897480362,1.0727800992839096,1.8342231401519338,1.730333311727633,1.350860079249654,0.39845124838124274
1,9.915901565551758,0.672964365945329,0.8203763484954834,0.009307411097460134,0.3505489018907988,250,"{'ar__th': 0.3505489018907988, 'extract__fs': 250}",,,0.21333333333333332,,,,,2,1.3482048553367572,0.7687589897480362,1.0727800992839096,1.8342231401519338,1.730333311727633,1.350860079249654,0.39845124838124274
2,48.02170147895813,13.102227080743647,10.739320135116577,4.203325022857134,0.18106936122451536,250,"{'ar__th': 0.18106936122451536, 'extract__fs': 250}",,,0.17181678720140223,,,,,3,1.1676199405706469,0.6505579533978426,1.2258521705253713,1.8447860001266279,1.7434641333370557,1.3264560395915088,0.43237714231470076
3,10.376200675964355,1.0523367969575559,0.8215435981750489,0.03205721040760451,1.0505892300187543,250,"{'ar__th': 1.0505892300187543, 'extract__fs': 250}",,,0.21333333333333332,,,,,4,1.3482048553367572,0.7687589897480362,1.0727800992839096,1.8342231401519338,1.730333311727633,1.350860079249654,0.39845124838124274
4,9.218604707717896,0.9737435716420874,0.8073837280273437,0.010616866287870742,0.3902958163046454,250,"{'ar__th': 0.3902958163046454, 'extract__fs': 250}",,,0.21333333333333332,,,,,5,1.3482048553367572,0.7687589897480362,1.0727800992839096,1.8342231401519338,1.730333311727633,1.350860079249654,0.39845124838124274
0,9.58114709854126,1.5768714966747672,0.8102465152740479,0.014409585893866652,0.7063178140322491,250,"{'ar__th': 0.7063178140322491, 'extract__fs': 250}",,,0.21333333333333332,,,,,1,1.3482048553367572,0.7687589897480362,1.0727800992839096,1.8342231401519338,1.730333311727633,1.350860079249654,0.39845124838124274
1,9.83903193473816,1.142909306790759,0.8093243598937988,0.012870937799252625,1.062951545539769,250,"{'ar__th': 1.062951545539769, 'extract__fs': 250}",,,0.21333333333333332,,,,,2,1.3482048553367572,0.7687589897480362,1.0727800992839096,1.8342231401519338,1.730333311727633,1.350860079249654,0.39845124838124274
2,10.215748596191407,1.4997218015670652,0.8311291694641113,0.013461016499899605,1.0601180876261158,250,"{'ar__th': 1.0601180876261158, 'extract__fs': 250}",,,0.21333333333333332,,,,,3,1.3482048553367572,0.7687589897480362,1.0727800992839096,1.8342231401519338,1.730333311727633,1.350860079249654,0.39845124838124274
3,9.242840099334718,0.6142652364098363,0.8089155197143555,0.012277645927825511,0.8096280122089742,250,"{'ar__th': 0.8096280122089742, 'extract__fs': 250}",,,0.21333333333333332,,,,,4,1.3482048553367572,0.7687589897480362,1.0727800992839096,1.8342231401519338,1.730333311727633,1.350860079249654,0.39845124838124274
4,9.457813596725464,1.2500562138176303,0.8031651020050049,0.020145033917679595,1.012145774996453,250,"{'ar__th': 1.012145774996453, 'extract__fs': 250}",,,0.21333333333333332,,,,,5,1.3482048553367572,0.7687589897480362,1.0727800992839096,1.8342231401519338,1.730333311727633,1.350860079249654,0.39845124838124274
0,9.29312448501587,1.7186596080075216,0.8239006519317627,0.01934384275141285,0.7314281526528735,250,"{'ar__th': 0.7314281526528735, 'extract__fs': 250}",,,0.21333333333333332,,,,,1,1.3482048553367572,0.7687589897480362,1.0727800992839096,1.8342231401519338,1.730333311727633,1.350860079249654,0.39845124838124274
1,32.764306688308714,8.196114691165164,6.279237079620361,2.344965512898052,0.19387398934220748,250,"{'ar__th': 0.19387398934220748, 'extract__fs': 250}",,,0.16333333333333303,,,,,2,1.1717104887953056,0.7802411355310097,0.9881302471235484,1.9294788011853587,1.606955854332779,1.2953033053936003,0.41814480304991153
2,9.350197076797485,0.6989703363689994,0.8103847026824951,0.017019068326126464,0.5942202762665482,250,"{'ar__th': 0.5942202762665482, 'extract__fs': 250}",,,0.21333333333333332,,,,,3,1.3482048553367572,0.7687589897480362,1.0727800992839096,1.8342231401519338,1.730333311727633,1.350860079249654,0.39845124838124274
3,44.809758234024045,5.988598116230837,6.755491590499878,2.6886716085598987,0.17965383080171862,250,"{'ar__th': 0.17965383080171862, 'extract__fs': 250}",,,0.23997551270278542,,,,,4,1.1831291374782027,0.7057654910148841,1.1025,1.7582393623236474,1.542407907309088,1.2584083796251644,0.36493158056191927
4,10.18255295753479,1.9024414979175006,0.8585329055786133,0.03191285660773832,0.4821744714728853,250,"{'ar__th': 0.4821744714728853, 'extract__fs': 250}",,,0.21333333333333332,,,,,5,1.3482048553367572,0.7687589897480362,1.0727800992839096,1.8342231401519338,1.730333311727633,1.350860079249654,0.39845124838124274
0,9.627241706848144,1.1588766686471272,0.8171649932861328,0.014755118949441565,0.8169691030720142,250,"{'ar__th': 0.8169691030720142, 'extract__fs': 250}",,,0.21333333333333332,,,,,1,1.3482048553367572,0.7687589897480362,1.0727800992839096,1.8342231401519338,1.730333311727633,1.350860079249654,0.39845124838124274
1,11.41342053413391,1.5149072044284964,0.808860445022583,0.011549074950369467,0.3351792083251721,250,"{'ar__th': 0.3351792083251721, 'extract__fs': 250}",,,0.21333333333333332,,,,,2,1.3482048553367572,0.7687589897480362,1.0727800992839096,1.8342231401519338,1.730333311727633,1.350860079249654,0.39845124838124274
2,10.761839294433594,1.0725132136623883,0.8174320697784424,0.017022706391259725,0.642419107649119,250,"{'ar__th': 0.642419107649119, 'extract__fs': 250}",,,0.21333333333333332,,,,,3,1.3482048553367572,0.7687589897480362,1.0727800992839096,1.8342231401519338,1.730333311727633,1.350860079249654,0.39845124838124274
3,9.302908992767334,1.4601634707556663,0.841670560836792,0.03371689472568377,0.9611218662098805,250,"{'ar__th': 0.9611218662098805, 'extract__fs': 250}",,,0.21333333333333332,,,,,4,1.3482048553367572,0.7687589897480362,1.0727800992839096,1.8342231401519338,1.730333311727633,1.350860079249654,0.39845124838124274
4,10.8617506980896,1.1975294961409615,0.8304402828216553,0.009416281661549085,0.8349959562522822,250,"{'ar__th': 0.8349959562522822, 'extract__fs': 250}",,,0.21333333333333332,,,,,5,1.3482048553367572,0.7687589897480362,1.0727800992839096,1.8342231401519338,1.730333311727633,1.350860079249654,0.39845124838124274
0,10.280954027175904,1.5981545238634998,0.8376490592956543,0.01291519363559464,0.3554204211652118,250,"{'ar__th': 0.3554204211652118, 'extract__fs': 250}",,,0.21333333333333332,,,,,1,1.3482048553367572,0.7687589897480362,1.0727800992839096,1.8342231401519338,1.730333311727633,1.350860079249654,0.39845124838124274
1,10.830563926696778,1.4653559367063729,0.8272640228271484,0.021499313013211462,1.0653007307324707,250,"{'ar__th': 1.0653007307324707, 'extract__fs': 250}",,,0.21333333333333332,,,,,2,1.3482048553367572,0.7687589897480362,1.0727800992839096,1.8342231401519338,1.730333311727633,1.350860079249654,0.39845124838124274
2,10.39806056022644,2.022228860358794,0.8514034271240234,0.036230086242691334,0.6989285072452381,250,"{'ar__th': 0.6989285072452381, 'extract__fs': 250}",,,0.21333333333333332,,,,,3,1.3482048553367572,0.7687589897480362,1.0727800992839096,1.8342231401519338,1.730333311727633,1.350860079249654,0.39845124838124274
3,10.05942497253418,0.8466090136986237,0.8587588787078857,0.027194613916694445,0.8736086063658777,250,"{'ar__th': 0.8736086063658777, 'extract__fs': 250}",,,0.21333333333333332,,,,,4,1.3482048553367572,0.7687589897480362,1.0727800992839096,1.8342231401519338,1.730333311727633,1.350860079249654,0.39845124838124274
4,10.448487663269043,1.0793867737108296,0.83003830909729,0.01442329092424472,0.83896463114352,250,"{'ar__th': 0.83896463114352, 'extract__fs': 250}",,,0.21333333333333332,,,,,5,1.3482048553367572,0.7687589897480362,1.0727800992839096,1.8342231401519338,1.730333311727633,1.350860079249654,0.39845124838124274
0,10.095993661880494,0.9462342100559686,0.8231449127197266,0.008718625449998981,0.3519856447009806,250,"{'ar__th': 0.3519856447009806, 'extract__fs': 250}",,,0.21333333333333332,,,,,1,1.3482048553367572,0.7687589897480362,1.0727800992839096,1.8342231401519338,1.730333311727633,1.350860079249654,0.39845124838124274
1,31.668452548980714,4.21721269349736,1.7155749797821045,1.105934774418404,0.20069390996904404,250,"{'ar__th': 0.20069390996904404, 'extract__fs': 250}",,,0.1809787626962142,,,,,2,1.2044537396047914,0.6437928846776059,1.1025,1.82753602672631,1.6271203175063973,1.281080593703021,0.4152722861019657
2,10.350685119628906,1.1758599154949014,0.8199963569641113,0.014111594973303002,0.8827502382039926,250,"{'ar__th': 0.8827502382039926, 'extract__fs': 250}",,,0.21333333333333332,,,,,3,1.3482048553367572,0.7687589897480362,1.0727800992839096,1.8342231401519338,1.730333311727633,1.350860079249654,0.39845124838124274
3,10.27910623550415,1.765458470404538,0.8164393901824951,0.008415770362887796,0.46971347591448764,250,"{'ar__th': 0.46971347591448764, 'extract__fs': 250}",,,0.21333333333333332,,,,,4,1.3482048553367572,0.7687589897480362,1.0727800992839096,1.8342231401519338,1.730333311727633,1.350860079249654,0.39845124838124274
4,311.8918897151947,34.884090518399816,80.36404032707215,15.686026889426806,0.11273252931119018,250,"{'ar__th': 0.11273252931119018, 'extract__fs': 250}",,,0.08043500564276199,,,,,5,0.7841911055368607,0.6493539149503484,0.7977298962802408,1.4272225651139714,1.2501744620316415,0.9817343887826127,0.30128975076444636
0,10.195268297195435,1.5007845625521483,0.8056325912475586,0.008583629853405078,1.0242332219676213,250,"{'ar__th': 1.0242332219676213, 'extract__fs': 250}",,,0.21333333333333332,,,,,1,1.3482048553367572,0.7687589897480362,1.0727800992839096,1.8342231401519338,1.730333311727633,1.350860079249654,0.39845124838124274
1,9.841596174240113,1.6988424239925402,0.8026845932006836,0.01907500495730086,0.4817360577125004,250,"{'ar__th': 0.4817360577125004, 'extract__fs': 250}",,,0.21333333333333332,,,,,2,1.3482048553367572,0.7687589897480362,1.0727800992839096,1.8342231401519338,1.730333311727633,1.350860079249654,0.39845124838124274
2,11.52265362739563,1.3890649366134353,0.8620384693145752,0.07801876017991395,0.65623756326884,250,"{'ar__th': 0.65623756326884, 'extract__fs': 250}",,,0.21333333333333332,,,,,3,1.3482048553367572,0.7687589897480362,1.0727800992839096,1.8342231401519338,1.730333311727633,1.350860079249654,0.39845124838124274
3,10.642066764831544,2.4280862428082157,0.8189457416534424,0.020892083325685158,0.8009783144654404,250,"{'ar__th': 0.8009783144654404, 'extract__fs': 250}",,,0.21333333333333332,,,,,4,1.3482048553367572,0.7687589897480362,1.0727800992839096,1.8342231401519338,1.730333311727633,1.350860079249654,0.39845124838124274
4,10.161422157287598,1.0910670881722608,0.8094063758850097,0.017193727815827557,0.687513634369753,250,"{'ar__th': 0.687513634369753, 'extract__fs': 250}",,,0.21333333333333332,,,,,5,1.3482048553367572,0.7687589897480362,1.0727800992839096,1.8342231401519338,1.730333311727633,1.350860079249654,0.39845124838124274
0,9.378257417678833,0.9849982665832641,0.8110787868499756,0.007454274098237013,0.561639264090114,250,"{'ar__th': 0.561639264090114, 'extract__fs': 250}",,,0.21333333333333332,,,,,1,1.3482048553367572,0.7687589897480362,1.0727800992839096,1.8342231401519338,1.730333311727633,1.350860079249654,0.39845124838124274
1,18.015540075302123,5.747241291166915,3.5219724655151365,3.306280099549525,0.21701450326226893,250,"{'ar__th': 0.21701450326226893, 'extract__fs': 250}",,,0.21333333333333332,,,,,2,1.3290279669284955,0.7678052720661517,1.0727800992839096,1.7923811447838986,1.4457750509249576,1.2815539067974826,0.3457429681207447
2,20.96709370613098,7.71793883315724,2.612951135635376,1.683218646032036,0.219780539013563,250,"{'ar__th': 0.219780539013563, 'extract__fs': 250}",,,0.21333333333333332,,,,,3,1.3177330614132943,0.7034810346196572,1.2258521705253713,1.600811377514545,1.6271203175063973,1.2949995923158528,0.3343702752111697
3,10.606631994247437,1.5307092942211242,0.7961946487426758,0.015667246586531205,0.7317217925445489,250,"{'ar__th': 0.7317217925445489, 'extract__fs': 250}",,,0.21333333333333332,,,,,4,1.3482048553367572,0.7687589897480362,1.0727800992839096,1.8342231401519338,1.730333311727633,1.350860079249654,0.39845124838124274
4,10.57882113456726,1.9161233791527705,0.8012710571289062,0.017163740423552287,0.9921525532441247,250,"{'ar__th': 0.9921525532441247, 'extract__fs': 250}",,,0.21333333333333332,,,,,5,1.3482048553367572,0.7687589897480362,1.0727800992839096,1.8342231401519338,1.730333311727633,1.350860079249654,0.39845124838124274
0,10.249764776229858,1.133829040303292,0.8265509605407715,0.0073860642248098326,0.9581050658842256,250,"{'ar__th': 0.9581050658842256, 'extract__fs': 250}",,,0.21333333333333332,,,,,1,1.3482048553367572,0.7687589897480362,1.0727800992839096,1.8342231401519338,1.730333311727633,1.350860079249654,0.39845124838124274
1,10.410660696029662,1.181533621393861,0.8074504852294921,0.012573750706829898,0.7955508603730072,250,"{'ar__th': 0.7955508603730072, 'extract__fs': 250}",,,0.21333333333333332,,,,,2,1.3482048553367572,0.7687589897480362,1.0727800992839096,1.8342231401519338,1.730333311727633,1.350860079249654,0.39845124838124274
2,9.965000677108765,1.0894208788192579,0.8000194549560546,0.018038789389236625,0.44338797692193643,250,"{'ar__th': 0.44338797692193643, 'extract__fs': 250}",,,0.21333333333333332,,,,,3,1.3482048553367572,0.7687589897480362,1.0727800992839096,1.8342231401519338,1.730333311727633,1.350860079249654,0.39845124838124274
3,10.110439014434814,0.9590147868470829,0.8166706085205078,0.010993869300787147,0.8052316252103175,250,"{'ar__th': 0.8052316252103175, 'extract__fs': 250}",,,0.21333333333333332,,,,,4,1.3482048553367572,0.7687589897480362,1.0727800992839096,1.8342231401519338,1.730333311727633,1.350860079249654,0.39845124838124274
4,9.590217065811157,0.9404600265129341,0.8172760009765625,0.011538231867154893,0.5870980232261347,250,"{'ar__th': 0.5870980232261347, 'extract__fs': 250}",,,0.21333333333333332,,,,,5,1.3482048553367572,0.7687589897480362,1.0727800992839096,1.8342231401519338,1.730333311727633,1.350860079249654,0.39845124838124274
0,9.568946504592896,1.303425378001052,0.8217448234558106,0.015142623741486503,0.44668926963529787,250,"{'ar__th': 0.44668926963529787, 'extract__fs': 250}",,,0.21333333333333332,,,,,1,1.3482048553367572,0.7687589897480362,1.0727800992839096,1.8342231401519338,1.730333311727633,1.350860079249654,0.39845124838124274
1,9.22829966545105,0.9381023866933413,0.810087776184082,0.01155422903130882,0.9747415214924733,250,"{'ar__th': 0.9747415214924733, 'extract__fs': 250}",,,0.21333333333333332,,,,,2,1.3482048553367572,0.7687589897480362,1.0727800992839096,1.8342231401519338,1.730333311727633,1.350860079249654,0.39845124838124274
2,9.272512578964234,0.3353872036706574,0.8135549068450928,0.015162932355502493,1.0333198182156293,250,"{'ar__th': 1.0333198182156293, 'extract__fs': 250}",,,0.21333333333333332,,,,,3,1.3482048553367572,0.7687589897480362,1.0727800992839096,1.8342231401519338,1.730333311727633,1.350860079249654,0.39845124838124274
3,10.984014844894409,1.8004795439276464,0.8011642932891846,0.015746880117665955,0.6729770501821096,250,"{'ar__th': 0.6729770501821096, 'extract__fs': 250}",,,0.21333333333333332,,,,,4,1.3482048553367572,0.7687589897480362,1.0727800992839096,1.8342231401519338,1.730333311727633,1.350860079249654,0.39845124838124274
4,10.106762790679932,0.9633643253010166,0.80573410987854,0.0051768012284315705,0.5384640833094885,250,"{'ar__th': 0.5384640833094885, 'extract__fs': 250}",,,0.21333333333333332,,,,,5,1.3482048553367572,0.7687589897480362,1.0727800992839096,1.8342231401519338,1.730333311727633,1.350860079249654,0.39845124838124274
0,10.62579140663147,1.3547955132090863,0.7976788520812989,0.014143026822448284,0.8532637130812634,250,"{'ar__th': 0.8532637130812634, 'extract__fs': 250}",,,0.21333333333333332,,,,,1,1.3482048553367572,0.7687589897480362,1.0727800992839096,1.8342231401519338,1.730333311727633,1.350860079249654,0.39845124838124274
1,10.83753662109375,1.558364377041761,0.8207857608795166,0.011146565010112644,0.9827510631479005,250,"{'ar__th': 0.9827510631479005, 'extract__fs': 250}",,,0.21333333333333332,,,,,2,1.3482048553367572,0.7687589897480362,1.0727800992839096,1.8342231401519338,1.730333311727633,1.350860079249654,0.39845124838124274
2,9.834921932220459,1.3691469102847411,0.8040078163146973,0.021499646905781846,0.7208775799317666,250,"{'ar__th': 0.7208775799317666, 'extract__fs': 250}",,,0.21333333333333332,,,,,3,1.3482048553367572,0.7687589897480362,1.0727800992839096,1.8342231401519338,1.730333311727633,1.350860079249654,0.39845124838124274
3,213.83431806564332,20.286805143028317,51.13414015769958,8.913993877392185,0.12790912649037126,250,"{'ar__th': 0.12790912649037126, 'extract__fs': 250}",,,0.12905349794238669,,,,,4,1.082221014314293,0.8158069600135803,1.046375234823618,1.389627450837518,0.9482189222384183,1.0564499164454855,0.19047094198645503
4,90.95283117294312,17.262105944939595,22.146485376358033,9.71176413603665,0.16091503550847466,250,"{'ar__th': 0.16091503550847466, 'extract__fs': 250}",,,0.13498622589531692,,,,,5,1.1247378738767602,0.7557090294162204,1.1998865650620996,1.4077638280494345,1.1143655575482412,1.1204925707905513,0.2106897133324992
0,9.51537265777588,1.16109193614296,0.8077492237091064,0.007231799122258109,0.7722713059041428,250,"{'ar__th': 0.7722713059041428, 'extract__fs': 250}",,,0.21333333333333332,,,,,1,1.3482048553367572,0.7687589897480362,1.0727800992839096,1.8342231401519338,1.730333311727633,1.350860079249654,0.39845124838124274
1,9.48043794631958,1.7982034835300957,0.799302339553833,0.01967769989442692,0.6628833122669372,250,"{'ar__th': 0.6628833122669372, 'extract__fs': 250}",,,0.21333333333333332,,,,,2,1.3482048553367572,0.7687589897480362,1.0727800992839096,1.8342231401519338,1.730333311727633,1.350860079249654,0.39845124838124274
2,9.250284433364868,0.9741433388086334,0.8073997020721435,0.01089905216472057,0.7361295247837126,250,"{'ar__th': 0.7361295247837126, 'extract__fs': 250}",,,0.21333333333333332,,,,,3,1.3482048553367572,0.7687589897480362,1.0727800992839096,1.8342231401519338,1.730333311727633,1.350860079249654,0.39845124838124274
3,9.732594108581543,0.807065719507966,0.822299575805664,0.03256540601378677,0.8065221629658562,250,"{'ar__th': 0.8065221629658562, 'extract__fs': 250}",,,0.21333333333333332,,,,,4,1.3482048553367572,0.7687589897480362,1.0727800992839096,1.8342231401519338,1.730333311727633,1.350860079249654,0.39845124838124274
4,9.70242018699646,1.5643617945559682,0.8132800102233887,0.018072528791016007,0.324339196002863,250,"{'ar__th': 0.324339196002863, 'extract__fs': 250}",,,0.21333333333333332,,,,,5,1.3482048553367572,0.7687589897480362,1.0727800992839096,1.8342231401519338,1.730333311727633,1.350860079249654,0.39845124838124274
0,11.50394515991211,1.233522592309537,0.8339752197265625,0.046183901200265505,0.2640773440548384,250,"{'ar__th': 0.2640773440548384, 'extract__fs': 250}",,,0.19089359629900135,,,,,1,1.3735527108345797,0.7463277274575084,1.0733885314998386,1.8342231401519338,1.6964552176835783,1.3447894655254877,0.39896274670733706
1,9.439255809783935,0.8646532623126646,0.8009227752685547,0.007906815941550302,0.38796464828000243,250,"{'ar__th': 0.38796464828000243, 'extract__fs': 250}",,,0.21333333333333332,,,,,2,1.3482048553367572,0.7687589897480362,1.0727800992839096,1.8342231401519338,1.730333311727633,1.350860079249654,0.39845124838124274
2,10.708989715576172,0.6622525198333844,0.8099979400634766,0.008892311621561875,0.5086053202569686,250,"{'ar__th': 0.5086053202569686, 'extract__fs': 250}",,,0.21333333333333332,,,,,3,1.3482048553367572,0.7687589897480362,1.0727800992839096,1.8342231401519338,1.730333311727633,1.350860079249654,0.39845124838124274
3,10.139707851409913,0.9211379126644526,0.8208016872406005,0.008645058139016192,0.9875235985995109,250,"{'ar__th': 0.9875235985995109, 'extract__fs': 250}",,,0.21333333333333332,,,,,4,1.3482048553367572,0.7687589897480362,1.0727800992839096,1.8342231401519338,1.730333311727633,1.350860079249654,0.39845124838124274
4,11.073754119873048,1.3672183419551172,0.8237245082855225,0.04996311626476626,1.042600295589026,250,"{'ar__th': 1.042600295589026, 'extract__fs': 250}",,,0.21333333333333332,,,,,5,1.3482048553367572,0.7687589897480362,1.0727800992839096,1.8342231401519338,1.730333311727633,1.350860079249654,0.39845124838124274
0,9.9649667263031,0.9843724994199458,0.8042530059814453,0.017131820655265775,0.435970390059627,250,"{'ar__th': 0.435970390059627, 'extract__fs': 250}",,,0.21333333333333332,,,,,1,1.3482048553367572,0.7687589897480362,1.0727800992839096,1.8342231401519338,1.730333311727633,1.350860079249654,0.39845124838124274
1,9.895521306991578,0.9920840533699419,0.8111950397491455,0.020860262679451763,0.3164704779252805,250,"{'ar__th': 0.3164704779252805, 'extract__fs': 250}",,,0.21333333333333332,,,,,2,1.3482048553367572,0.7574559515517665,1.0727800992839096,1.8342231401519338,1.730333311727633,1.3485994716104002,0.4017656568992131
2,9.51450843811035,0.6906793209787903,0.8061211109161377,0.021667930861110428,0.6338147389301401,250,"{'ar__th': 0.6338147389301401, 'extract__fs': 250}",,,0.21333333333333332,,,,,3,1.3482048553367572,0.7687589897480362,1.0727800992839096,1.8342231401519338,1.730333311727633,1.350860079249654,0.39845124838124274
3,9.36349277496338,1.6484134209984007,0.8224164485931397,0.009910805394268722,1.0610705710103443,250,"{'ar__th': 1.0610705710103443, 'extract__fs': 250}",,,0.21333333333333332,,,,,4,1.3482048553367572,0.7687589897480362,1.0727800992839096,1.8342231401519338,1.730333311727633,1.350860079249654,0.39845124838124274
4,10.077861118316651,1.5134945722851527,0.8147361755371094,0.01897660060624741,0.34031499207417715,250,"{'ar__th': 0.34031499207417715, 'extract__fs': 250}",,,0.21333333333333332,,,,,5,1.3482048553367572,0.7687589897480362,1.0727800992839096,1.8342231401519338,1.5984266040703372,1.3244787377181946,0.37619844784963175
0,28.574214363098143,8.353981113634322,4.8783872604370115,1.686346316024265,0.20536109379067882,250,"{'ar__th': 0.20536109379067882, 'extract__fs': 250}",,,0.25520833333333315,,,,,1,1.1676199405706469,0.9701395626064971,1.1736942795838363,1.7310951027177839,1.6126180622301003,1.331033389541773,0.2901872524385937
1,10.223462915420532,1.216824743820915,0.8049433708190918,0.016586765047899302,0.7165983521869936,250,"{'ar__th': 0.7165983521869936, 'extract__fs': 250}",,,0.21333333333333332,,,,,2,1.3482048553367572,0.7687589897480362,1.0727800992839096,1.8342231401519338,1.730333311727633,1.350860079249654,0.39845124838124274
2,11.326723432540893,2.349727426259897,0.8165061950683594,0.01106031525686164,0.7298081048520998,250,"{'ar__th': 0.7298081048520998, 'extract__fs': 250}",,,0.21333333333333332,,,,,3,1.3482048553367572,0.7687589897480362,1.0727800992839096,1.8342231401519338,1.730333311727633,1.350860079249654,0.39845124838124274
3,9.022560548782348,0.23858186737616502,0.8134110927581787,0.018676644107163354,0.47825605004011995,250,"{'ar__th': 0.47825605004011995, 'extract__fs': 250}",,,0.21333333333333332,,,,,4,1.3482048553367572,0.7687589897480362,1.0727800992839096,1.8342231401519338,1.730333311727633,1.350860079249654,0.39845124838124274
4,9.654904413223267,0.783803975500337,0.8025498867034913,0.012428050409114306,1.0940947518692903,250,"{'ar__th': 1.0940947518692903, 'extract__fs': 250}",,,0.21333333333333332,,,,,5,1.3482048553367572,0.7687589897480362,1.0727800992839096,1.8342231401519338,1.730333311727633,1.350860079249654,0.39845124838124274
0,10.595920848846436,1.4236167862896516,0.8210113048553467,0.03723431178189327,0.7151133125964407,250,"{'ar__th': 0.7151133125964407, 'extract__fs': 250}",,,0.21333333333333332,,,,,1,1.3482048553367572,0.7687589897480362,1.0727800992839096,1.8342231401519338,1.730333311727633,1.350860079249654,0.39845124838124274
1,14.648093795776367,3.7840107714274205,2.1487284183502195,1.1077295573708565,0.2420407434871669,250,"{'ar__th': 0.2420407434871669, 'extract__fs': 250}",,,0.22606689734717408,,,,,2,1.2822216537852749,0.7687589897480362,1.2009076726522916,1.8420071920622885,1.7083692912608792,1.3604529599017543,0.383305841957721
2,8.521646308898926,4.299200140028776,0.6505516529083252,0.32573812476050457,0.6528561889378173,250,"{'ar__th': 0.6528561889378173, 'extract__fs': 250}",,,0.21333333333333332,,,,,3,1.3482048553367572,,1.0727800992839096,1.8342231401519338,1.730333311727633,,
3,10.666578722000121,0.7825351389193241,0.8055918693542481,0.011892368093042456,0.7035345133716415,250,"{'ar__th': 0.7035345133716415, 'extract__fs': 250}",,,0.21333333333333332,,,,,4,1.3482048553367572,0.7687589897480362,1.0727800992839096,1.8342231401519338,1.730333311727633,1.350860079249654,0.39845124838124274
4,9.67391209602356,0.9602958238411765,0.8249431133270264,0.010716451981140178,0.8799842612234989,250,"{'ar__th': 0.8799842612234989, 'extract__fs': 250}",,,0.21333333333333332,,,,,5,1.3482048553367572,0.7687589897480362,1.0727800992839096,1.8342231401519338,1.730333311727633,1.350860079249654,0.39845124838124274
0,11.67921838760376,1.755856512318587,1.2577608585357667,0.9064889608433713,0.26772001773542475,250,"{'ar__th': 0.26772001773542475, 'extract__fs': 250}",,,0.21333333333333332,,,,,1,1.3928761701138885,0.7463277274575084,1.0727800992839096,1.8342231401519338,1.6463727522872824,1.3385159778589046,0.3910904999837103
1,7.8229540348052975,3.8357881286070894,0.6456532001495361,0.3231272668622489,0.9428851811229368,250,"{'ar__th': 0.9428851811229368, 'extract__fs': 250}",,,0.21333333333333332,,,,,2,,0.7687589897480362,1.0727800992839096,1.8342231401519338,1.730333311727633,,
2,9.889662837982177,0.3886932780261414,0.8179246425628662,0.013917778089237606,0.3508329302990545,250,"{'ar__th': 0.3508329302990545, 'extract__fs': 250}",,,0.21333333333333332,,,,,3,1.3482048553367572,0.7687589897480362,1.0727800992839096,1.8342231401519338,1.730333311727633,1.350860079249654,0.39845124838124274
3,10.560044860839843,1.1821537393689743,0.8261503219604492,0.0052067893947376495,0.7169597990746623,250,"{'ar__th': 0.7169597990746623, 'extract__fs': 250}",,,0.21333333333333332,,,,,4,1.3482048553367572,0.7687589897480362,1.0727800992839096,1.8342231401519338,1.730333311727633,1.350860079249654,0.39845124838124274
4,224.0253201007843,29.09476517754399,57.085183477401735,12.802049340863123,0.1289112452188831,250,"{'ar__th': 0.1289112452188831, 'extract__fs': 250}",,,0.11830390825411181,,,,,5,0.8869232877362869,0.5442018268432665,0.9622215263808093,1.206017085813171,1.0737676518535768,0.9346262757254221,0.22292672229128627
0,10.121039724349975,0.9274520466158287,0.808290672302246,0.018692443993241426,0.8314792872062579,250,"{'ar__th': 0.8314792872062579, 'extract__fs': 250}",,,0.21333333333333332,,,,,1,1.3482048553367572,0.7687589897480362,1.0727800992839096,1.8342231401519338,1.730333311727633,1.350860079249654,0.39845124838124274
1,9.661448621749878,0.9774263353789345,0.8123430252075196,0.011113641595842312,0.7996919615103475,250,"{'ar__th': 0.7996919615103475, 'extract__fs': 250}",,,0.21333333333333332,,,,,2,1.3482048553367572,0.7687589897480362,1.0727800992839096,1.8342231401519338,1.730333311727633,1.350860079249654,0.39845124838124274
2,9.392674779891967,0.6368333747694619,0.8196959018707275,0.013956976499174937,0.5791174377981007,250,"{'ar__th': 0.5791174377981007, 'extract__fs': 250}",,,0.21333333333333332,,,,,3,1.3482048553367572,0.7687589897480362,1.0727800992839096,1.8342231401519338,1.730333311727633,1.350860079249654,0.39845124838124274
3,8.490359163284301,0.4513373240409316,0.8111884117126464,0.010928346664420684,0.5296699446704942,250,"{'ar__th': 0.5296699446704942, 'extract__fs': 250}",,,0.21333333333333332,,,,,4,1.3482048553367572,0.7687589897480362,1.0727800992839096,1.8342231401519338,1.730333311727633,1.350860079249654,0.39845124838124274
4,9.617571783065795,1.0472182084717543,0.8306446075439453,0.02901370094485757,0.7282584313510051,250,"{'ar__th': 0.7282584313510051, 'extract__fs': 250}",,,0.21333333333333332,,,,,5,1.3482048553367572,0.7687589897480362,1.0727800992839096,1.8342231401519338,1.730333311727633,1.350860079249654,0.39845124838124274
0,9.9772798538208,0.6474679627379529,0.8319347381591797,0.05876531373734458,0.7790130490979922,250,"{'ar__th': 0.7790130490979922, 'extract__fs': 250}",,,0.21333333333333332,,,,,1,1.3482048553367572,0.7687589897480362,1.0727800992839096,1.8342231401519338,1.730333311727633,1.350860079249654,0.39845124838124274
1,9.583081436157226,1.8013699220406563,0.8185013771057129,0.00963707961029779,1.0000945297179544,250,"{'ar__th': 1.0000945297179544, 'extract__fs': 250}",,,0.21333333333333332,,,,,2,1.3482048553367572,0.7687589897480362,1.0727800992839096,1.8342231401519338,1.730333311727633,1.350860079249654,0.39845124838124274
2,10.24526252746582,1.7102229488333167,0.805433702468872,0.00704822770456164,0.5572404519833078,250,"{'ar__th': 0.5572404519833078, 'extract__fs': 250}",,,0.21333333333333332,,,,,3,1.3482048553367572,0.7687589897480362,1.0727800992839096,1.8342231401519338,1.730333311727633,1.350860079249654,0.39845124838124274
3,10.786206674575805,1.5122264518153807,0.8030454635620117,0.01236747653130044,0.6979104218024631,250,"{'ar__th': 0.6979104218024631, 'extract__fs': 250}",,,0.21333333333333332,,,,,4,1.3482048553367572,0.7687589897480362,1.0727800992839096,1.8342231401519338,1.730333311727633,1.350860079249654,0.39845124838124274
4,9.500254392623901,1.1931980557795387,0.8245795726776123,0.00512118879314987,0.7932510694961286,250,"{'ar__th': 0.7932510694961286, 'extract__fs': 250}",,,0.21333333333333332,,,,,5,1.3482048553367572,0.7687589897480362,1.0727800992839096,1.8342231401519338,1.730333311727633,1.350860079249654,0.39845124838124274
0,373.10449833869933,25.8467902661263,99.25488114356995,9.073770372397787,0.10751289254123,250,"{'ar__th': 0.10751289254123, 'extract__fs': 250}",,,0.07507421239107523,,,,,1,0.717014373371572,0.5218949905893804,1.2282987529845333,1.4206199676653235,0.9042377243017666,0.958413161782515,0.328094446950006
1,116.17093415260315,9.724696980419772,26.605904817581177,6.813877583052609,0.15360014782429635,250,"{'ar__th': 0.15360014782429635, 'extract__fs': 250}",,,0.15546301804481427,,,,,2,1.137265654569744,0.6255915972295262,0.9596001665972511,1.4163227966365624,1.4182924905198808,1.111414541110593,0.29895917356681345
2,10.256778764724732,0.8156937265521872,0.8000946521759034,0.005129895591248891,0.9557506200067523,250,"{'ar__th': 0.9557506200067523, 'extract__fs': 250}",,,0.21333333333333332,,,,,3,1.3482048553367572,0.7687589897480362,1.0727800992839096,1.8342231401519338,1.730333311727633,1.350860079249654,0.39845124838124274
3,9.171754074096679,1.2362839056694728,0.804691219329834,0.01418125886117666,0.658558049749094,250,"{'ar__th': 0.658558049749094, 'extract__fs': 250}",,,0.21333333333333332,,,,,4,1.3482048553367572,0.7687589897480362,1.0727800992839096,1.8342231401519338,1.730333311727633,1.350860079249654,0.39845124838124274
4,10.570926761627197,2.0378440267335995,0.8006033897399902,0.01571520192584769,0.722716149995931,250,"{'ar__th': 0.722716149995931, 'extract__fs': 250}",,,0.21333333333333332,,,,,5,1.3482048553367572,0.7687589897480362,1.0727800992839096,1.8342231401519338,1.730333311727633,1.350860079249654,0.39845124838124274
0,60.40999546051025,15.217312572287211,15.367334413528443,6.272250084776463,0.18159277223318318,250,"{'ar__th': 0.18159277223318318, 'extract__fs': 250}",,,0.20164609053497948,,,,,1,0.9845946911041144,0.6505579533978426,1.0140349161328184,1.8509097775098047,1.4304448163510872,1.1861084308991334,0.4144134398093662
1,9.139488077163696,1.1606064387023745,0.7985876560211181,0.017230956301952174,0.4125115125065457,250,"{'ar__th': 0.4125115125065457, 'extract__fs': 250}",,,0.21333333333333332,,,,,2,1.3482048553367572,0.7687589897480362,1.0727800992839096,1.8342231401519338,1.730333311727633,1.350860079249654,0.39845124838124274
2,10.039837837219238,1.4926172531916637,0.8106507778167724,0.010684991658918504,0.33983742212181844,250,"{'ar__th': 0.33983742212181844, 'extract__fs': 250}",,,0.21333333333333332,,,,,3,1.3482048553367572,0.7687589897480362,1.0727800992839096,1.8342231401519338,1.730333311727633,1.350860079249654,0.39845124838124274
3,11.631951427459716,1.4197394597132553,0.8133842945098877,0.0091796264530884,0.984997346041641,250,"{'ar__th': 0.984997346041641, 'extract__fs': 250}",,,0.21333333333333332,,,,,4,1.3482048553367572,0.7687589897480362,1.0727800992839096,1.8342231401519338,1.730333311727633,1.350860079249654,0.39845124838124274
4,20.73518271446228,3.418604843801823,1.7256787300109864,1.8191714716545029,0.22959845211439414,250,"{'ar__th': 0.22959845211439414, 'extract__fs': 250}",,,0.17181678720140223,,,,,5,1.3290279669284955,0.6999140387120631,0.9819603639010196,1.787405337196394,1.668074239822833,1.293276389312161,0.40863469455593704
0,10.000095176696778,2.030991568012172,0.8167047500610352,0.0171341765903214,0.7492988454466084,250,"{'ar__th': 0.7492988454466084, 'extract__fs': 250}",,,0.21333333333333332,,,,,1,1.3482048553367572,0.7687589897480362,1.0727800992839096,1.8342231401519338,1.730333311727633,1.350860079249654,0.39845124838124274
1,9.619828796386718,1.6466250569761034,0.8112841129302979,0.026110941267498577,0.6758893826615817,250,"{'ar__th': 0.6758893826615817, 'extract__fs': 250}",,,0.21333333333333332,,,,,2,1.3482048553367572,0.7687589897480362,1.0727800992839096,1.8342231401519338,1.730333311727633,1.350860079249654,0.39845124838124274
2,9.559886503219605,1.8579652736616301,0.8098642349243164,0.01429455745816138,1.012035452022646,250,"{'ar__th': 1.012035452022646, 'extract__fs': 250}",,,0.21333333333333332,,,,,3,1.3482048553367572,0.7687589897480362,1.0727800992839096,1.8342231401519338,1.730333311727633,1.350860079249654,0.39845124838124274
3,12.475966119766236,2.309986685327279,0.8112337112426757,0.0189627476121042,0.2705335966648328,250,"{'ar__th': 0.2705335966648328, 'extract__fs': 250}",,,0.21333333333333332,,,,,4,1.3482048553367572,0.7463277274575084,1.0727800992839096,1.8342231401519338,1.6631884299165176,1.332944850429325,0.39303408503380455
4,9.635895347595214,0.38202504697809125,0.8136098861694336,0.006098930762872789,0.8141188069934173,250,"{'ar__th': 0.8141188069934173, 'extract__fs': 250}",,,0.21333333333333332,,,,,5,1.3482048553367572,0.7687589897480362,1.0727800992839096,1.8342231401519338,1.730333311727633,1.350860079249654,0.39845124838124274
0,10.419366550445556,0.9900196022636155,0.8019701480865479,0.011681919504910257,0.5298648618097008,250,"{'ar__th': 0.5298648618097008, 'extract__fs': 250}",,,0.21333333333333332,,,,,1,1.3482048553367572,0.7687589897480362,1.0727800992839096,1.8342231401519338,1.730333311727633,1.350860079249654,0.39845124838124274
1,9.908079242706298,1.1309269914118132,0.8151456832885742,0.023448380930906034,1.0347045101857113,250,"{'ar__th': 1.0347045101857113, 'extract__fs': 250}",,,0.21333333333333332,,,,,2,1.3482048553367572,0.7687589897480362,1.0727800992839096,1.8342231401519338,1.730333311727633,1.350860079249654,0.39845124838124274
2,8.900198554992675,1.0179910190716654,0.8129458427429199,0.017918912090246066,1.0464710273108482,250,"{'ar__th': 1.0464710273108482, 'extract__fs': 250}",,,0.21333333333333332,,,,,3,1.3482048553367572,0.7687589897480362,1.0727800992839096,1.8342231401519338,1.730333311727633,1.350860079249654,0.39845124838124274
3,10.463534450531006,1.1152933894061252,0.802261209487915,0.006394445571581962,1.093252777127174,250,"{'ar__th': 1.093252777127174, 'extract__fs': 250}",,,0.21333333333333332,,,,,4,1.3482048553367572,0.7687589897480362,1.0727800992839096,1.8342231401519338,1.730333311727633,1.350860079249654,0.39845124838124274
4,9.947705268859863,5.708169737559494,1.1017775058746337,1.0347923558465892,0.27997736147104735,250,"{'ar__th': 0.27997736147104735, 'extract__fs': 250}",,,0.21333333333333332,,,,,5,1.3482048553367572,,1.0978168194519016,1.8633672847601381,1.730333311727633,,
0,10.664416980743407,1.4260879629499659,0.8183218002319336,0.014894392994628872,1.0330902751911872,250,"{'ar__th': 1.0330902751911872, 'extract__fs': 250}",,,0.21333333333333332,,,,,1,1.3482048553367572,0.7687589897480362,1.0727800992839096,1.8342231401519338,1.730333311727633,1.350860079249654,0.39845124838124274
1,9.956757545471191,0.9622812962860693,0.8079697132110596,0.014629430865218342,0.7149431548512322,250,"{'ar__th': 0.7149431548512322, 'extract__fs': 250}",,,0.21333333333333332,,,,,2,1.3482048553367572,0.7687589897480362,1.0727800992839096,1.8342231401519338,1.730333311727633,1.350860079249654,0.39845124838124274
2,9.511196756362915,1.496372966421494,0.818858528137207,0.007836193870736193,0.8605507886135921,250,"{'ar__th': 0.8605507886135921, 'extract__fs': 250}",,,0.21333333333333332,,,,,3,1.3482048553367572,0.7687589897480362,1.0727800992839096,1.8342231401519338,1.730333311727633,1.350860079249654,0.39845124838124274
3,11.409477806091308,1.0267349217041914,0.7989553451538086,0.004088730777703091,0.4966355313545696,250,"{'ar__th': 0.4966355313545696, 'extract__fs': 250}",,,0.21333333333333332,,,,,4,1.3482048553367572,0.7687589897480362,1.0727800992839096,1.8342231401519338,1.730333311727633,1.350860079249654,0.39845124838124274
4,10.606479072570801,1.9728229691062906,0.8169949054718018,0.014126042314570616,0.40697343941783415,250,"{'ar__th': 0.40697343941783415, 'extract__fs': 250}",,,0.21333333333333332,,,,,5,1.3482048553367572,0.7687589897480362,1.0727800992839096,1.8342231401519338,1.730333311727633,1.350860079249654,0.39845124838124274
0,10.831048345565796,2.4315365870407692,0.8215199470520019,0.011972252369851055,0.5753829441463997,250,"{'ar__th': 0.5753829441463997, 'extract__fs': 250}",,,0.21333333333333332,,,,,1,1.3482048553367572,0.7687589897480362,1.0727800992839096,1.8342231401519338,1.730333311727633,1.350860079249654,0.39845124838124274
1,122.90101943016052,28.428182846108346,25.845330810546876,9.785559885135076,0.15377653816471407,250,"{'ar__th': 0.15377653816471407, 'extract__fs': 250}",,,0.17181678720140223,,,,,2,0.9813099410556164,0.7824096592001438,1.3495888365779456,1.6668649670167892,1.3311547691701808,1.2222656346041352,0.30895615647571356
2,9.682805633544922,1.5069373135841884,0.8110494136810302,0.0314910792872802,0.6856335339483723,250,"{'ar__th': 0.6856335339483723, 'extract__fs': 250}",,,0.21333333333333332,,,,,3,1.3482048553367572,0.7687589897480362,1.0727800992839096,1.8342231401519338,1.730333311727633,1.350860079249654,0.39845124838124274
3,10.34243860244751,1.9066904560616678,0.8295083999633789,0.04462321894132058,0.7944613239761134,250,"{'ar__th': 0.7944613239761134, 'extract__fs': 250}",,,0.21333333333333332,,,,,4,1.3482048553367572,0.7687589897480362,1.0727800992839096,1.8342231401519338,1.730333311727633,1.350860079249654,0.39845124838124274
4,10.292816066741944,1.128830844091361,0.8018187522888184,0.018175046841218328,0.8111140635755739,250,"{'ar__th': 0.8111140635755739, 'extract__fs': 250}",,,0.21333333333333332,,,,,5,1.3482048553367572,0.7687589897480362,1.0727800992839096,1.8342231401519338,1.730333311727633,1.350860079249654,0.39845124838124274
0,10.63632435798645,1.3116642764075042,0.8247408866882324,0.018455958352210877,0.6320291934159854,250,"{'ar__th': 0.6320291934159854, 'extract__fs': 250}",,,0.21333333333333332,,,,,1,1.3482048553367572,0.7687589897480362,1.0727800992839096,1.8342231401519338,1.730333311727633,1.350860079249654,0.39845124838124274
1,10.255974197387696,1.2563231278413944,0.8141600608825683,0.015736511983939345,0.7309309038727045,250,"{'ar__th': 0.7309309038727045, 'extract__fs': 250}",,,0.21333333333333332,,,,,2,1.3482048553367572,0.7687589897480362,1.0727800992839096,1.8342231401519338,1.730333311727633,1.350860079249654,0.39845124838124274
2,11.856360530853271,2.120043386655523,0.807096004486084,0.013295346035190973,0.30790679233607554,250,"{'ar__th': 0.30790679233607554, 'extract__fs': 250}",,,0.21333333333333332,,,,,3,1.3928761701138885,0.7687589897480362,1.0727800992839096,1.8342231401519338,1.5955394657365751,1.3328355730068686,0.3767808228236111
3,153.29926834106445,33.819084399341286,33.510821628570554,11.260073663608722,0.14596531623763012,250,"{'ar__th': 0.14596531623763012, 'extract__fs': 250}",,,0.10884353741496576,,,,,4,0.9759966504654602,0.48780849670564563,0.9881266804312794,1.1396432719580005,1.211914712426409,0.9606979623973588,0.2528802524914492
4,15.87132978439331,5.755457499992628,1.262939739227295,0.9120005167884373,0.2369860794636304,250,"{'ar__th': 0.2369860794636304, 'extract__fs': 250}",,,0.19089359629900135,,,,,5,1.18793445090204,0.7687589897480362,1.0733885314998386,1.8707396793413145,1.634851121040769,1.3071345545063997,0.3959148902026334
0,9.909007692337036,1.3132643559770911,0.8020741462707519,0.01235376019414506,0.7462827437148208,250,"{'ar__th': 0.7462827437148208, 'extract__fs': 250}",,,0.21333333333333332,,,,,1,1.3482048553367572,0.7687589897480362,1.0727800992839096,1.8342231401519338,1.730333311727633,1.350860079249654,0.39845124838124274
1,10.67928695678711,1.232658111910406,0.8179580211639405,0.01646988102678518,0.9812260257727542,250,"{'ar__th': 0.9812260257727542, 'extract__fs': 250}",,,0.21333333333333332,,,,,2,1.3482048553367572,0.7687589897480362,1.0727800992839096,1.8342231401519338,1.730333311727633,1.350860079249654,0.39845124838124274
2,9.537171125411987,0.9728268768807187,0.7984405040740967,0.01280082103920084,0.7970647285400725,250,"{'ar__th': 0.7970647285400725, 'extract__fs': 250}",,,0.21333333333333332,,,,,3,1.3482048553367572,0.7687589897480362,1.0727800992839096,1.8342231401519338,1.730333311727633,1.350860079249654,0.39845124838124274
3,9.305185508728027,0.8071186703897053,0.8348698616027832,0.03209201414781745,0.3654363035135336,250,"{'ar__th': 0.3654363035135336, 'extract__fs': 250}",,,0.21333333333333332,,,,,4,1.3482048553367572,0.7687589897480362,1.0727800992839096,1.8342231401519338,1.730333311727633,1.350860079249654,0.39845124838124274
4,9.094814205169678,0.8102460055782437,0.8062637329101563,0.021879315117399666,1.0335152590060792,250,"{'ar__th': 1.0335152590060792, 'extract__fs': 250}",,,0.21333333333333332,,,,,5,1.3482048553367572,0.7687589897480362,1.0727800992839096,1.8342231401519338,1.730333311727633,1.350860079249654,0.39845124838124274
0,9.765609788894654,0.7378590351494044,0.8037427425384521,0.015774534237375456,0.859545206721179,250,"{'ar__th': 0.859545206721179, 'extract__fs': 250}",,,0.21333333333333332,,,,,1,1.3482048553367572,0.7687589897480362,1.0727800992839096,1.8342231401519338,1.730333311727633,1.350860079249654,0.39845124838124274
1,10.915446424484253,1.6729175564770506,0.7895545959472656,0.017169049963016207,0.856308782440832,250,"{'ar__th': 0.856308782440832, 'extract__fs': 250}",,,0.21333333333333332,,,,,2,1.3482048553367572,0.7687589897480362,1.0727800992839096,1.8342231401519338,1.730333311727633,1.350860079249654,0.39845124838124274
2,9.087467288970947,1.214462431846182,0.8073084831237793,0.013197722397294392,0.8584730343579209,250,"{'ar__th': 0.8584730343579209, 'extract__fs': 250}",,,0.21333333333333332,,,,,3,1.3482048553367572,0.7687589897480362,1.0727800992839096,1.8342231401519338,1.730333311727633,1.350860079249654,0.39845124838124274
3,13.465123462677003,3.3222129893094383,2.1675345420837404,1.8029169345898222,0.26911882978033885,250,"{'ar__th': 0.26911882978033885, 'extract__fs': 250}",,,0.22606689734717408,,,,,4,1.3177330614132943,0.8037605217583483,1.1226702558366821,1.8055032989034474,1.730333311727633,1.356000089927881,0.37498112310428333
4,10.121573543548584,1.3147926115901538,0.7966314315795898,0.01413739952700749,0.8384097458784839,250,"{'ar__th': 0.8384097458784839, 'extract__fs': 250}",,,0.21333333333333332,,,,,5,1.3482048553367572,0.7687589897480362,1.0727800992839096,1.8342231401519338,1.730333311727633,1.350860079249654,0.39845124838124274
0,9.053455305099487,1.0002881210428736,0.8094955444335937,0.016151892385116592,0.310161174214181,250,"{'ar__th': 0.310161174214181, 'extract__fs': 250}",,,0.21333333333333332,,,,,1,1.3482048553367572,0.7687589897480362,1.0727800992839096,1.8342231401519338,1.730333311727633,1.350860079249654,0.39845124838124274
1,9.761773014068604,1.197033538798455,0.8078450679779052,0.014456654787150055,0.6925327294988948,250,"{'ar__th': 0.6925327294988948, 'extract__fs': 250}",,,0.21333333333333332,,,,,2,1.3482048553367572,0.7687589897480362,1.0727800992839096,1.8342231401519338,1.730333311727633,1.350860079249654,0.39845124838124274
2,10.294293308258057,1.7534093574812395,0.8078652858734131,0.012750208175384132,0.996199367264279,250,"{'ar__th': 0.996199367264279, 'extract__fs': 250}",,,0.21333333333333332,,,,,3,1.3482048553367572,0.7687589897480362,1.0727800992839096,1.8342231401519338,1.730333311727633,1.350860079249654,0.39845124838124274
3,10.306840848922729,1.2781891050328145,0.8110912322998047,0.012432657792288278,0.5621713983734185,250,"{'ar__th': 0.5621713983734185, 'extract__fs': 250}",,,0.21333333333333332,,,,,4,1.3482048553367572,0.7687589897480362,1.0727800992839096,1.8342231401519338,1.730333311727633,1.350860079249654,0.39845124838124274
4,10.387499046325683,1.2386247904126517,0.8028337955474854,0.012471679470730457,0.6778768925101089,250,"{'ar__th': 0.6778768925101089, 'extract__fs': 250}",,,0.21333333333333332,,,,,5,1.3482048553367572,0.7687589897480362,1.0727800992839096,1.8342231401519338,1.730333311727633,1.350860079249654,0.39845124838124274
0,10.818147039413452,2.2600460373275593,0.8251393795013428,0.014435157551119293,0.6194544219823415,250,"{'ar__th': 0.6194544219823415, 'extract__fs': 250}",,,0.21333333333333332,,,,,1,1.3482048553367572,0.7687589897480362,1.0727800992839096,1.8342231401519338,1.730333311727633,1.350860079249654,0.39845124838124274
1,9.771556568145751,1.2603410460643714,0.8328784942626953,0.015489179359519158,0.908252967508613,250,"{'ar__th': 0.908252967508613, 'extract__fs': 250}",,,0.21333333333333332,,,,,2,1.3482048553367572,0.7687589897480362,1.0727800992839096,1.8342231401519338,1.730333311727633,1.350860079249654,0.39845124838124274
2,9.999924993515014,1.0719573770598188,0.8187363147735596,0.007970270552576632,0.4603115714195801,250,"{'ar__th': 0.4603115714195801, 'extract__fs': 250}",,,0.21333333333333332,,,,,3,1.3482048553367572,0.7687589897480362,1.0727800992839096,1.8342231401519338,1.730333311727633,1.350860079249654,0.39845124838124274
3,9.296209383010865,0.6799790110722811,0.8206897735595703,0.019029704089840054,1.0902787130605913,250,"{'ar__th': 1.0902787130605913, 'extract__fs': 250}",,,0.21333333333333332,,,,,4,1.3482048553367572,0.7687589897480362,1.0727800992839096,1.8342231401519338,1.730333311727633,1.350860079249654,0.39845124838124274
4,9.568238878250122,1.280563809470002,0.8149572372436523,0.0105700506524905,0.7330786561576125,250,"{'ar__th': 0.7330786561576125, 'extract__fs': 250}",,,0.21333333333333332,,,,,5,1.3482048553367572,0.7687589897480362,1.0727800992839096,1.8342231401519338,1.730333311727633,1.350860079249654,0.39845124838124274
0,9.916651153564453,1.2465647606215446,0.8149166107177734,0.013869444222012845,0.843380197377988,250,"{'ar__th': 0.843380197377988, 'extract__fs': 250}",,,0.21333333333333332,,,,,1,1.3482048553367572,0.7687589897480362,1.0727800992839096,1.8342231401519338,1.730333311727633,1.350860079249654,0.39845124838124274
1,14.31414499282837,3.7245401414287604,0.8039109706878662,0.018622953173374462,0.28239523096110986,250,"{'ar__th': 0.28239523096110986, 'extract__fs': 250}",,,0.21333333333333332,,,,,2,1.3482048553367572,0.688859130960322,1.0727800992839096,1.8707396793413145,1.7083692912608792,1.3377906112366365,0.42727376734393296
2,9.443456792831421,1.6979185693066676,0.8060604572296143,0.015562648609138153,0.32480420927765163,250,"{'ar__th': 0.32480420927765163, 'extract__fs': 250}",,,0.21333333333333332,,,,,3,1.3482048553367572,0.7687589897480362,1.0727800992839096,1.8342231401519338,1.730333311727633,1.350860079249654,0.39845124838124274
3,10.127035570144653,1.2315604224299879,0.8192056179046631,0.016217666903492665,0.4675855422315799,250,"{'ar__th': 0.4675855422315799, 'extract__fs': 250}",,,0.21333333333333332,,,,,4,1.3482048553367572,0.7687589897480362,1.0727800992839096,1.8342231401519338,1.730333311727633,1.350860079249654,0.39845124838124274
4,10.21634774208069,0.9576985387972836,0.8062190532684326,0.006310849787910165,0.741553859195983,250,"{'ar__th': 0.741553859195983, 'extract__fs': 250}",,,0.21333333333333332,,,,,5,1.3482048553367572,0.7687589897480362,1.0727800992839096,1.8342231401519338,1.730333311727633,1.350860079249654,0.39845124838124274
0,19.896683835983275,9.804132944711112,3.066613960266113,2.004390517134194,0.221305096279558,250,"{'ar__th': 0.221305096279558, 'extract__fs': 250}",,,0.21333333333333332,,,,,1,1.3735527108345797,0.5730357573332922,1.1226702558366821,1.8998934795424227,1.730333311727633,1.3398971030549218,0.4695599858103829
1,9.20557746887207,1.0026938200951774,0.809689712524414,0.016676050642014818,0.7187157318021027,250,"{'ar__th': 0.7187157318021027, 'extract__fs': 250}",,,0.21333333333333332,,,,,2,1.3482048553367572,0.7687589897480362,1.0727800992839096,1.8342231401519338,1.730333311727633,1.350860079249654,0.39845124838124274
2,9.890641498565675,0.48822147143658334,0.8087608814239502,0.017325524440308288,0.7356182425418549,250,"{'ar__th': 0.7356182425418549, 'extract__fs': 250}",,,0.21333333333333332,,,,,3,1.3482048553367572,0.7687589897480362,1.0727800992839096,1.8342231401519338,1.730333311727633,1.350860079249654,0.39845124838124274
3,9.264105987548827,0.8653274262312038,0.8128700733184815,0.02070811346372962,0.8063371884252675,250,"{'ar__th': 0.8063371884252675, 'extract__fs': 250}",,,0.21333333333333332,,,,,4,1.3482048553367572,0.7687589897480362,1.0727800992839096,1.8342231401519338,1.730333311727633,1.350860079249654,0.39845124838124274
4,10.769961214065551,0.9050005969327954,0.8314201354980468,0.02312570942866331,0.6126584908620876,250,"{'ar__th': 0.6126584908620876, 'extract__fs': 250}",,,0.21333333333333332,,,,,5,1.3482048553367572,0.7687589897480362,1.0727800992839096,1.8342231401519338,1.730333311727633,1.350860079249654,0.39845124838124274
0,9.849661302566528,1.56958399575218,0.7885400295257569,0.006674924783660831,0.960463773185219,250,"{'ar__th': 0.960463773185219, 'extract__fs': 250}",,,0.21333333333333332,,,,,1,1.3482048553367572,0.7687589897480362,1.0727800992839096,1.8342231401519338,1.730333311727633,1.350860079249654,0.39845124838124274
1,9.461453485488892,1.2741358609427489,0.7894974231719971,0.008635780136530146,0.6075292274432216,250,"{'ar__th': 0.6075292274432216, 'extract__fs': 250}",,,0.21333333333333332,,,,,2,1.3482048553367572,0.7687589897480362,1.0727800992839096,1.8342231401519338,1.730333311727633,1.350860079249654,0.39845124838124274
2,10.082113647460938,0.8645527932428567,0.7879546642303467,0.007855434180933301,0.7922120086015131,250,"{'ar__th': 0.7922120086015131, 'extract__fs': 250}",,,0.21333333333333332,,,,,3,1.3482048553367572,0.7687589897480362,1.0727800992839096,1.8342231401519338,1.730333311727633,1.350860079249654,0.39845124838124274
3,12.412933588027954,3.275207182661067,0.7821680545806885,0.012789673310014444,0.26238577954846476,250,"{'ar__th': 0.26238577954846476, 'extract__fs': 250}",,,0.21333333333333332,,,,,4,1.2384089611171125,0.7217077696252816,1.0727800992839096,1.8055032989034474,1.730333311727633,1.3137466881314768,0.40733763152345487
4,10.31531639099121,0.5283603581244843,0.7866306781768799,0.024096597882798085,0.9781345979342458,250,"{'ar__th': 0.9781345979342458, 'extract__fs': 250}",,,0.21333333333333332,,,,,5,1.3482048553367572,0.7687589897480362,1.0727800992839096,1.8342231401519338,1.730333311727633,1.350860079249654,0.39845124838124274
0,10.316091442108155,1.7511289501118217,0.8093920230865479,0.01978365101037387,0.7062015345414302,250,"{'ar__th': 0.7062015345414302, 'extract__fs': 250}",,,0.21333333333333332,,,,,1,1.3482048553367572,0.7687589897480362,1.0727800992839096,1.8342231401519338,1.730333311727633,1.350860079249654,0.39845124838124274
1,10.268785572052002,0.6438314100398592,0.8108904361724854,0.003671068443333507,0.9407104092526881,250,"{'ar__th': 0.9407104092526881, 'extract__fs': 250}",,,0.21333333333333332,,,,,2,1.3482048553367572,0.7687589897480362,1.0727800992839096,1.8342231401519338,1.730333311727633,1.350860079249654,0.39845124838124274
2,9.608288764953613,0.3662736508774959,0.8132099628448486,0.01670137010476885,0.7062679597462986,250,"{'ar__th': 0.7062679597462986, 'extract__fs': 250}",,,0.21333333333333332,,,,,3,1.3482048553367572,0.7687589897480362,1.0727800992839096,1.8342231401519338,1.730333311727633,1.350860079249654,0.39845124838124274
3,9.221337890625,0.6811617895564666,0.8129532814025879,0.015111580352439707,0.8754596268081369,250,"{'ar__th': 0.8754596268081369, 'extract__fs': 250}",,,0.21333333333333332,,,,,4,1.3482048553367572,0.7687589897480362,1.0727800992839096,1.8342231401519338,1.730333311727633,1.350860079249654,0.39845124838124274
4,9.748762559890746,1.3808038664285103,0.8308065414428711,0.007519361595886462,0.5220610524698915,250,"{'ar__th': 0.5220610524698915, 'extract__fs': 250}",,,0.21333333333333332,,,,,5,1.3482048553367572,0.7687589897480362,1.0727800992839096,1.8342231401519338,1.730333311727633,1.350860079249654,0.39845124838124274
0,9.94272346496582,0.6845872750771509,0.8076836585998535,0.022512352838813816,0.3438242071932971,250,"{'ar__th': 0.3438242071932971, 'extract__fs': 250}",,,0.21333333333333332,,,,,1,1.3482048553367572,0.7687589897480362,1.0727800992839096,1.8342231401519338,1.730333311727633,1.350860079249654,0.39845124838124274
1,9.785294580459595,1.5596252263027448,0.8160561084747314,0.03586339933304064,0.5230458880997398,250,"{'ar__th': 0.5230458880997398, 'extract__fs': 250}",,,0.21333333333333332,,,,,2,1.3482048553367572,0.7687589897480362,1.0727800992839096,1.8342231401519338,1.730333311727633,1.350860079249654,0.39845124838124274
2,9.670877170562743,0.8958359216985313,0.8100825786590576,0.00632843507536336,0.3372310703436706,250,"{'ar__th': 0.3372310703436706, 'extract__fs': 250}",,,0.21333333333333332,,,,,3,1.3482048553367572,0.7687589897480362,1.0727800992839096,1.8342231401519338,1.730333311727633,1.350860079249654,0.39845124838124274
3,9.583656692504883,1.3396704265707455,0.8121516704559326,0.01645745481472869,0.464274210186148,250,"{'ar__th': 0.464274210186148, 'extract__fs': 250}",,,0.21333333333333332,,,,,4,1.3482048553367572,0.7687589897480362,1.0727800992839096,1.8342231401519338,1.730333311727633,1.350860079249654,0.39845124838124274
4,10.143813991546631,0.4357548190404114,0.8098734378814697,0.018516608266781198,0.46135019314311887,250,"{'ar__th': 0.46135019314311887, 'extract__fs': 250}",,,0.21333333333333332,,,,,5,1.3482048553367572,0.7687589897480362,1.0727800992839096,1.8342231401519338,1.730333311727633,1.350860079249654,0.39845124838124274
0,10.495475435256958,1.300845330415375,0.8072705268859863,0.017024853809634234,0.36468749910635345,250,"{'ar__th': 0.36468749910635345, 'extract__fs': 250}",,,0.21333333333333332,,,,,1,1.3482048553367572,0.7687589897480362,1.0727800992839096,1.8342231401519338,1.730333311727633,1.350860079249654,0.39845124838124274
1,9.092965602874756,0.381008123841741,0.8250580310821534,0.03661661656536272,0.623329102344904,250,"{'ar__th': 0.623329102344904, 'extract__fs': 250}",,,0.21333333333333332,,,,,2,1.3482048553367572,0.7687589897480362,1.0727800992839096,1.8342231401519338,1.730333311727633,1.350860079249654,0.39845124838124274
2,10.234403228759765,1.4115743458205876,0.7906500339508057,0.0113394285592308,0.5831464259683825,250,"{'ar__th': 0.5831464259683825, 'extract__fs': 250}",,,0.21333333333333332,,,,,3,1.3482048553367572,0.7687589897480362,1.0727800992839096,1.8342231401519338,1.730333311727633,1.350860079249654,0.39845124838124274
3,10.268133544921875,0.9215121425424995,0.8203566074371338,0.016568401553773475,0.9585791368316747,250,"{'ar__th': 0.9585791368316747, 'extract__fs': 250}",,,0.21333333333333332,,,,,4,1.3482048553367572,0.7687589897480362,1.0727800992839096,1.8342231401519338,1.730333311727633,1.350860079249654,0.39845124838124274
4,10.334194564819336,2.239903974315902,0.807727861404419,0.012819891670958846,0.37525033975399125,250,"{'ar__th': 0.37525033975399125, 'extract__fs': 250}",,,0.21333333333333332,,,,,5,1.3482048553367572,0.7687589897480362,1.0727800992839096,1.8342231401519338,1.730333311727633,1.350860079249654,0.39845124838124274
